School ID,School Name,Status as of 2014,Status as of 2019,Year,Attendance,5YR Grad Rate
400008,ACT CHTR HS,Closed,Closed,2011,,69.5
400008,ACT CHTR HS,Closed,Closed,2012,,63.2
400008,ACT CHTR HS,Closed,Closed,2013,,74.5
400008,ACT CHTR HS,Closed,Closed,2014,,60.3
400008,ACT CHTR HS,Closed,Closed,2015,, 
400010,ACE TECH HS,,Closed,2011,92.9,69.4
400010,ACE TECH HS,,Closed,2012,91.4,78.8
400010,ACE TECH HS,,Closed,2013,90.8,66.4
400010,ACE TECH HS,,Closed,2014,89.4,70.3
400010,ACE TECH HS,,Closed,2015,88.1,69.6
400013,ASPIRA - EARLY COLLEGE HS,,,2011,90.9, 
400013,ASPIRA - EARLY COLLEGE HS,,,2012,93.9,68.3
400013,ASPIRA - EARLY COLLEGE HS,,,2013,96.1,66.1
400013,ASPIRA - EARLY COLLEGE HS,,,2014,91.7,70.7
400013,ASPIRA - EARLY COLLEGE HS,,,2015,87.6,67.1
400015,ASPIRA CHTR - RAMIREZ HS,,Closed,2011,85.4,89.1
400015,ASPIRA CHTR - RAMIREZ HS,,Closed,2012,87.7,76.8
400015,ASPIRA CHTR - RAMIREZ HS,,Closed,2013,85.5,68.8
400015,ASPIRA CHTR - RAMIREZ HS,,Closed,2014,86.5,60.0
400015,ASPIRA CHTR - RAMIREZ HS,,Closed,2015,84.1,68.8
400018,AUSTIN BUS & ENTRP HS,,Closed,2011,76.2,65.6
400018,AUSTIN BUS & ENTRP HS,,Closed,2012,73.0,53.8
400018,AUSTIN BUS & ENTRP HS,,Closed,2013,78.4,60.9
400018,AUSTIN BUS & ENTRP HS,,Closed,2014,85.1,50.0
400018,AUSTIN BUS & ENTRP HS,,Closed,2015,87.5,63.5
400022,CHIARTS HS,,,2011,96.5, 
400022,CHIARTS HS,,,2012,96.1, 
400022,CHIARTS HS,,,2013,94.5, 
400022,CHIARTS HS,,,2014,94.8,88.8
400022,CHIARTS HS,,,2015,97.2,80.4
400025,CICS - BUCKTOWN,,,2011,95.8,
400025,CICS - BUCKTOWN,,,2012,95.5,
400025,CICS - BUCKTOWN,,,2013,94.9,
400025,CICS - BUCKTOWN,,,2014,94.3,
400025,CICS - BUCKTOWN,,,2015,93.8,
400032,CICS - ELLISON HS,,,2011,94.0,74.3
400032,CICS - ELLISON HS,,,2012,94.7,77.3
400032,CICS - ELLISON HS,,,2013,94.4,65.8
400032,CICS - ELLISON HS,,,2014,95.8,74.2
400032,CICS - ELLISON HS,,,2015,95.6,77.0
400033,CICS - LONGWOOD,,,2011,93.8,79.2
400033,CICS - LONGWOOD,,,2012,94.9,63.2
400033,CICS - LONGWOOD,,,2013,90.0,73.7
400033,CICS - LONGWOOD,,,2014,93.0,80.5
400033,CICS - LONGWOOD,,,2015,92.6,74.6
400034,CICS - NORTHTOWN HS,,,2011,95.6,81.9
400034,CICS - NORTHTOWN HS,,,2012,96.3,82.6
400034,CICS - NORTHTOWN HS,,,2013,95.9,81.6
400034,CICS - NORTHTOWN HS,,,2014,95.7,87.7
400034,CICS - NORTHTOWN HS,,,2015,95.4,84.4
400035,CHICAGO MATH & SCIENCE HS,,,2011,95.5,69.8
400035,CHICAGO MATH & SCIENCE HS,,,2012,95.9,78.1
400035,CHICAGO MATH & SCIENCE HS,,,2013,96.0,69.8
400035,CHICAGO MATH & SCIENCE HS,,,2014,96.7,68.8
400035,CHICAGO MATH & SCIENCE HS,,,2015,96.8,86.4
400036,CHICAGO VIRTUAL,,,2011,92.5, 
400036,CHICAGO VIRTUAL,,,2012,95.3,41.7
400036,CHICAGO VIRTUAL,,,2013,95.3,20.0
400036,CHICAGO VIRTUAL,,,2014,95.1,38.7
400036,CHICAGO VIRTUAL,,,2015,94.0,38.7
400040,FRAZIER CHARTER,,,2011,94.0,
400040,FRAZIER CHARTER,,,2012,95.1,
400040,FRAZIER CHARTER,,,2013,95.6,
400040,FRAZIER CHARTER,,,2014,95.7,
400040,FRAZIER CHARTER,,,2015,95.3,
400042,FORD HS,,Closed,2011,85.5, 
400042,FORD HS,,Closed,2012,86.2, 
400042,FORD HS,,Closed,2013,89.1,72.1
400042,FORD HS,,Closed,2014,92.8,66.9
400042,FORD HS,,Closed,2015,98.6,60.9
400051,NOBLE - NOBLE HS,,,2011,95.3,86.1
400051,NOBLE - NOBLE HS,,,2012,96.4,82.9
400051,NOBLE - NOBLE HS,,,2013,95.4,84.4
400051,NOBLE - NOBLE HS,,,2014,95.3,84.2
400051,NOBLE - NOBLE HS,,,2015,94.6,86.5
400052,NOBLE - COMER,,,2011,92.7, 
400052,NOBLE - COMER,,,2012,94.6, 
400052,NOBLE - COMER,,,2013,94.8,71.3
400052,NOBLE - COMER,,,2014,94.7,79.5
400052,NOBLE - COMER,,,2015,94.1,79.3
400053,NOBLE - GOLDER HS,,,2011,94.3, 
400053,NOBLE - GOLDER HS,,,2012,95.1,82.8
400053,NOBLE - GOLDER HS,,,2013,95.4,81.6
400053,NOBLE - GOLDER HS,,,2014,94.8,79.4
400053,NOBLE - GOLDER HS,,,2015,95.2,81.5
400054,NOBLE - PRITZKER HS,,,2011,94.4,85.2
400054,NOBLE - PRITZKER HS,,,2012,96.0,84.5
400054,NOBLE - PRITZKER HS,,,2013,95.1,88.9
400054,NOBLE - PRITZKER HS,,,2014,95.7,91.6
400054,NOBLE - PRITZKER HS,,,2015,95.7,88.1
400055,NOBLE - RAUNER HS,,,2011,94.5,79.7
400055,NOBLE - RAUNER HS,,,2012,95.4,85.4
400055,NOBLE - RAUNER HS,,,2013,94.3,82.0
400055,NOBLE - RAUNER HS,,,2014,94.3,84.3
400055,NOBLE - RAUNER HS,,,2015,94.2,86.6
400056,NOBLE - ROWE CLARK HS,,,2011,94.3, 
400056,NOBLE - ROWE CLARK HS,,,2012,94.1,70.8
400056,NOBLE - ROWE CLARK HS,,,2013,93.3,73.9
400056,NOBLE - ROWE CLARK HS,,,2014,92.5,73.5
400056,NOBLE - ROWE CLARK HS,,,2015,92.1,76.7
400057,NOBLE - UIC HS,,,2011,94.2, 
400057,NOBLE - UIC HS,,,2012,95.6, 
400057,NOBLE - UIC HS,,,2013,95.7,83.3
400057,NOBLE - UIC HS,,,2014,94.9,82.2
400057,NOBLE - UIC HS,,,2015,95.6,86.8
400058,NORTH LAWNDALE - CHRISTIANA HS,,,2011,93.7,74.0
400058,NORTH LAWNDALE - CHRISTIANA HS,,,2012,95.8,76.8
400058,NORTH LAWNDALE - CHRISTIANA HS,,,2013,97.4,74.1
400058,NORTH LAWNDALE - CHRISTIANA HS,,,2014,92.7,73.6
400058,NORTH LAWNDALE - CHRISTIANA HS,,,2015,97.0,79.7
400059,NORTH LAWNDALE - COLLINS HS,,,2011,92.3, 
400059,NORTH LAWNDALE - COLLINS HS,,,2012,96.2,77.2
400059,NORTH LAWNDALE - COLLINS HS,,,2013,93.7,67.2
400059,NORTH LAWNDALE - COLLINS HS,,,2014,90.9,72.6
400059,NORTH LAWNDALE - COLLINS HS,,,2015,91.1,73.7
400061,PERSPECTIVES - LEADERSHIP HS,,,2011,85.4,70.3
400061,PERSPECTIVES - LEADERSHIP HS,,,2012,93.5,67.8
400061,PERSPECTIVES - LEADERSHIP HS,,,2013,98.2,64.4
400061,PERSPECTIVES - LEADERSHIP HS,,,2014,95.0,64.5
400061,PERSPECTIVES - LEADERSHIP HS,,,2015,94.7,66.2
400062,PERSPECTIVES - TECH HS,,,2011,88.8, 
400062,PERSPECTIVES - TECH HS,,,2012,92.1,68.9
400062,PERSPECTIVES - TECH HS,,,2013,99.0,68.1
400062,PERSPECTIVES - TECH HS,,,2014,93.4,64.7
400062,PERSPECTIVES - TECH HS,,,2015,94.4,69.1
400064,PERSPECTIVES - JOSLIN HS,,,2011,94.0,87.0
400064,PERSPECTIVES - JOSLIN HS,,,2012,96.0,84.3
400064,PERSPECTIVES - JOSLIN HS,,,2013,98.4,78.8
400064,PERSPECTIVES - JOSLIN HS,,,2014,96.7,88.9
400064,PERSPECTIVES - JOSLIN HS,,,2015,95.6,78.6
400066,PERSPECTIVES - MATH & SCI HS,,,2011,92.6, 
400066,PERSPECTIVES - MATH & SCI HS,,,2012,93.4, 
400066,PERSPECTIVES - MATH & SCI HS,,,2013,97.7,77.3
400066,PERSPECTIVES - MATH & SCI HS,,,2014,93.4,66.1
400066,PERSPECTIVES - MATH & SCI HS,,,2015,92.8,68.2
400073,SHABAZZ - DUSABLE HS,,Closed,2011,86.0,65.5
400073,SHABAZZ - DUSABLE HS,,Closed,2012,89.2,66.0
400073,SHABAZZ - DUSABLE HS,,Closed,2013,99.3,67.5
400073,SHABAZZ - DUSABLE HS,,Closed,2014,91.8,70.5
400073,SHABAZZ - DUSABLE HS,,Closed,2015,95.3,65.5
400077,U OF C - WOODLAWN HS,,,2011,94.8,70.4
400077,U OF C - WOODLAWN HS,,,2012,97.4,68.0
400077,U OF C - WOODLAWN HS,,,2013,96.5,65.1
400077,U OF C - WOODLAWN HS,,,2014,96.2,77.8
400077,U OF C - WOODLAWN HS,,,2015,95.6,69.2
400085,ACERO - GARCIA HS,,,2011,94.3, 
400085,ACERO - GARCIA HS,,,2012,97.6, 
400085,ACERO - GARCIA HS,,,2013,97.2,75.5
400085,ACERO - GARCIA HS,,,2014,95.0,85.1
400085,ACERO - GARCIA HS,,,2015,93.4,89.5
400086,URBAN PREP - ENGLEWOOD HS,,,2011,92.1,58.5
400086,URBAN PREP - ENGLEWOOD HS,,,2012,94.7,65.3
400086,URBAN PREP - ENGLEWOOD HS,,,2013,94.3,61.0
400086,URBAN PREP - ENGLEWOOD HS,,,2014,94.1,53.7
400086,URBAN PREP - ENGLEWOOD HS,,,2015,94.4,57.7
400087,YOUNG WOMENS HS,,,2011,92.0,70.8
400087,YOUNG WOMENS HS,,,2012,90.3,73.4
400087,YOUNG WOMENS HS,,,2013,93.2,65.3
400087,YOUNG WOMENS HS,,,2014,94.7,72.1
400087,YOUNG WOMENS HS,,,2015,93.7,86.6
400091,CHICAGO TECH HS,,,2011,87.6, 
400091,CHICAGO TECH HS,,,2012,84.2, 
400091,CHICAGO TECH HS,,,2013,86.1, 
400091,CHICAGO TECH HS,,,2014,88.3,63.8
400091,CHICAGO TECH HS,,,2015,87.9,55.1
400093,CHGO TALENT CHTR HS,,Closed,2011,93.6, 
400093,CHGO TALENT CHTR HS,,Closed,2012,91.1, 
400093,CHGO TALENT CHTR HS,,Closed,2013,88.8, 
400093,CHGO TALENT CHTR HS,,Closed,2014,88.8,65.6
400093,CHGO TALENT CHTR HS,,Closed,2015,,52.4
400094,EPIC HS,,,2011,92.1, 
400094,EPIC HS,,,2012,91.1, 
400094,EPIC HS,,,2013,89.1, 
400094,EPIC HS,,,2014,89.1,65.8
400094,EPIC HS,,,2015,90.1,67.6
400097,NOBLE - BULLS HS,,,2011,92.5, 
400097,NOBLE - BULLS HS,,,2012,91.9, 
400097,NOBLE - BULLS HS,,,2013,93.2, 
400097,NOBLE - BULLS HS,,,2014,93.4,81.0
400097,NOBLE - BULLS HS,,,2015,93.1,77.0
400098,NOBLE - MUCHIN HS,,,2011,96.3, 
400098,NOBLE - MUCHIN HS,,,2012,96.5, 
400098,NOBLE - MUCHIN HS,,,2013,96.9, 
400098,NOBLE - MUCHIN HS,,,2014,96.7,80.9
400098,NOBLE - MUCHIN HS,,,2015,96.3,88.0
400102,URBAN PREP - WEST HS,,,2011,91.4, 
400102,URBAN PREP - WEST HS,,,2012,90.5, 
400102,URBAN PREP - WEST HS,,,2013,91.5, 
400102,URBAN PREP - WEST HS,,,2014,92.0,61.0
400102,URBAN PREP - WEST HS,,,2015,95.8,66.1
609674,CHICAGO VOCATIONAL HS,,,2011,69.3,49.1
609674,CHICAGO VOCATIONAL HS,,,2012,80.4,53.8
609674,CHICAGO VOCATIONAL HS,,,2013,83.8,53.9
609674,CHICAGO VOCATIONAL HS,,,2014,86.9,67.7
609674,CHICAGO VOCATIONAL HS,,,2015,86.5,64.2
609675,CHICAGO AA HS,Closed,Closed,2011,69.8,27.9
609675,CHICAGO AA HS,Closed,Closed,2012,76.5,27.0
609675,CHICAGO AA HS,Closed,Closed,2013,80.8,26.1
609675,CHICAGO AA HS,Closed,Closed,2014,,34.8
609675,CHICAGO AA HS,Closed,Closed,2015,,29.7
609676,DUNBAR HS,,,2011,77.1,59.4
609676,DUNBAR HS,,,2012,80.1,67.7
609676,DUNBAR HS,,,2013,82.1,64.4
609676,DUNBAR HS,,,2014,89.1,72.8
609676,DUNBAR HS,,,2015,80.7,67.7
609678,JONES HS,,,2011,93.9,90.1
609678,JONES HS,,,2012,93.9,86.6
609678,JONES HS,,,2013,93.4,91.4
609678,JONES HS,,,2014,93.9,87.3
609678,JONES HS,,,2015,93.8,92.0
609679,PROSSER HS,,,2011,86.1,78.5
609679,PROSSER HS,,,2012,85.3,82.3
609679,PROSSER HS,,,2013,88.8,82.4
609679,PROSSER HS,,,2014,88.0,86.6
609679,PROSSER HS,,,2015,88.3,83.5
609680,PAYTON HS,,,2011,93.5,96.9
609680,PAYTON HS,,,2012,93.9,90.9
609680,PAYTON HS,,,2013,92.2,90.9
609680,PAYTON HS,,,2014,93.9,94.8
609680,PAYTON HS,,,2015,92.9,85.1
609682,RICHARDS HS,,,2011,90.7,55.3
609682,RICHARDS HS,,,2012,85.8,64.4
609682,RICHARDS HS,,,2013,79.1,64.1
609682,RICHARDS HS,,,2014,83.7,65.4
609682,RICHARDS HS,,,2015,84.4,63.7
609691,NORTH-GRAND HS,,,2011,88.6,69.3
609691,NORTH-GRAND HS,,,2012,85.7,65.6
609691,NORTH-GRAND HS,,,2013,88.1,73.8
609691,NORTH-GRAND HS,,,2014,88.6,75.1
609691,NORTH-GRAND HS,,,2015,87.9,76.5
609692,SIMEON HS,,,2011,78.6,74.9
609692,SIMEON HS,,,2012,80.6,73.4
609692,SIMEON HS,,,2013,83.6,77.8
609692,SIMEON HS,,,2014,87.0,77.4
609692,SIMEON HS,,,2015,90.0,83.2
609693,WESTINGHOUSE HS,,,2011,93.6, 
609693,WESTINGHOUSE HS,,,2012,93.5, 
609693,WESTINGHOUSE HS,,,2013,92.4, 
609693,WESTINGHOUSE HS,,,2014,92.7,84.6
609693,WESTINGHOUSE HS,,,2015,91.8,90.5
609694,HANCOCK HS,,,2011,78.3,55.9
609694,HANCOCK HS,,,2012,84.0,60.7
609694,HANCOCK HS,,,2013,88.4,73.0
609694,HANCOCK HS,,,2014,88.4,79.9
609694,HANCOCK HS,,,2015,90.2,78.9
609695,AMUNDSEN HS,,,2011,81.2,63.8
609695,AMUNDSEN HS,,,2012,82.4,64.7
609695,AMUNDSEN HS,,,2013,88.5,77.1
609695,AMUNDSEN HS,,,2014,90.1,74.7
609695,AMUNDSEN HS,,,2015,90.5,75.8
609696,AUSTIN COMMUNITY HS,Closed,,2011,,
609696,AUSTIN COMMUNITY HS,Closed,,2012,,
609696,AUSTIN COMMUNITY HS,Closed,,2013,,
609696,AUSTIN COMMUNITY HS,Closed,,2014,,
609696,AUSTIN COMMUNITY HS,Closed,,2015,,
609698,BOGAN HS,,,2011,75.3,52.0
609698,BOGAN HS,,,2012,80.3,53.6
609698,BOGAN HS,,,2013,84.0,60.3
609698,BOGAN HS,,,2014,87.5,66.8
609698,BOGAN HS,,,2015,88.3,74.3
609699,BOWEN HIGH,Closed,,2011,,
609699,BOWEN HIGH,Closed,,2012,,
609699,BOWEN HIGH,Closed,,2013,,
609699,BOWEN HIGH,Closed,,2014,,
609699,BOWEN HIGH,Closed,,2015,,
609701,CALUMET ACADEMY HIGH,Closed,,2011,,
609701,CALUMET ACADEMY HIGH,Closed,,2012,,
609701,CALUMET ACADEMY HIGH,Closed,,2013,,
609701,CALUMET ACADEMY HIGH,Closed,,2014,,
609701,CALUMET ACADEMY HIGH,Closed,,2015,,
609702,CRANE HS,,Closed,2011,58.3,47.7
609702,CRANE HS,,Closed,2012,68.8,38.4
609702,CRANE HS,,Closed,2013,75.2,39.8
609702,CRANE HS,,Closed,2014,87.3,44.8
609702,CRANE HS,,Closed,2015,85.2,32.5
609703,DUSABLE HIGH,Closed,,2011,,
609703,DUSABLE HIGH,Closed,,2012,,
609703,DUSABLE HIGH,Closed,,2013,,
609703,DUSABLE HIGH,Closed,,2014,,
609703,DUSABLE HIGH,Closed,,2015,,
609704,FARRAGUT HS,,,2011,86.3,43.0
609704,FARRAGUT HS,,,2012,83.3,46.9
609704,FARRAGUT HS,,,2013,83.9,50.7
609704,FARRAGUT HS,,,2014,87.7,58.5
609704,FARRAGUT HS,,,2015,87.7,58.9
609705,FENGER HS,,,2011,74.8,34.1
609705,FENGER HS,,,2012,77.9,43.9
609705,FENGER HS,,,2013,80.3,50.5
609705,FENGER HS,,,2014,80.0,53.0
609705,FENGER HS,,,2015,83.5,48.6
609706,FENGER AA HS,Closed,Closed,2011,73.1,23.4
609706,FENGER AA HS,Closed,Closed,2012,74.7,23.4
609706,FENGER AA HS,Closed,Closed,2013,67.3,27.9
609706,FENGER AA HS,Closed,Closed,2014,,30.9
609706,FENGER AA HS,Closed,Closed,2015,,33.8
609707,ROBESON HS,,Closed,2011,73.7,37.3
609707,ROBESON HS,,Closed,2012,74.9,37.8
609707,ROBESON HS,,Closed,2013,76.0,33.1
609707,ROBESON HS,,Closed,2014,81.1,37.7
609707,ROBESON HS,,Closed,2015,80.2,47.3
609708,FOREMAN HS,,,2011,84.4,57.2
609708,FOREMAN HS,,,2012,82.1,55.2
609708,FOREMAN HS,,,2013,85.2,59.7
609708,FOREMAN HS,,,2014,87.0,60.1
609708,FOREMAN HS,,,2015,88.4,59.2
609709,GAGE PARK HS,,,2011,72.5,51.1
609709,GAGE PARK HS,,,2012,75.1,48.5
609709,GAGE PARK HS,,,2013,76.9,45.1
609709,GAGE PARK HS,,,2014,79.1,50.1
609709,GAGE PARK HS,,,2015,85.0,53.4
609710,HARLAN HS,,,2011,81.4,47.1
609710,HARLAN HS,,,2012,70.5,47.3
609710,HARLAN HS,,,2013,71.1,48.8
609710,HARLAN HS,,,2014,77.8,52.6
609710,HARLAN HS,,,2015,79.7,61.5
609711,HARPER HS,,,2011,73.3,36.1
609711,HARPER HS,,,2012,78.9,42.0
609711,HARPER HS,,,2013,78.4,48.0
609711,HARPER HS,,,2014,84.1,54.9
609711,HARPER HS,,,2015,85.7,56.2
609712,HIRSCH HS,,,2011,85.1,35.0
609712,HIRSCH HS,,,2012,80.7,43.0
609712,HIRSCH HS,,,2013,65.7,50.0
609712,HIRSCH HS,,,2014,68.4,43.1
609712,HIRSCH HS,,,2015,74.3,49.1
609713,HYDE PARK HS,,,2011,70.6,50.6
609713,HYDE PARK HS,,,2012,67.7,52.4
609713,HYDE PARK HS,,,2013,72.2,52.3
609713,HYDE PARK HS,,,2014,80.9,52.6
609713,HYDE PARK HS,,,2015,83.2,55.4
609715,KELLY HS,,,2011,89.4,59.3
609715,KELLY HS,,,2012,88.5,64.9
609715,KELLY HS,,,2013,91.0,67.9
609715,KELLY HS,,,2014,92.5,69.9
609715,KELLY HS,,,2015,91.5,72.3
609716,KELVYN PARK HS,,,2011,74.7,53.8
609716,KELVYN PARK HS,,,2012,76.3,57.5
609716,KELVYN PARK HS,,,2013,78.1,58.2
609716,KELVYN PARK HS,,,2014,76.0,64.5
609716,KELVYN PARK HS,,,2015,81.6,52.2
609718,KENNEDY HS,,,2011,83.1,53.1
609718,KENNEDY HS,,,2012,83.1,59.2
609718,KENNEDY HS,,,2013,87.1,61.8
609718,KENNEDY HS,,,2014,88.3,56.1
609718,KENNEDY HS,,,2015,88.7,65.8
609719,LAKE VIEW HS,,,2011,87.8,78.7
609719,LAKE VIEW HS,,,2012,88.7,79.9
609719,LAKE VIEW HS,,,2013,88.3,83.6
609719,LAKE VIEW HS,,,2014,91.3,88.0
609719,LAKE VIEW HS,,,2015,89.7,91.4
609720,LANE TECH HS,,,2011,96.3,92.2
609720,LANE TECH HS,,,2012,96.4,90.0
609720,LANE TECH HS,,,2013,94.4,91.4
609720,LANE TECH HS,,,2014,93.6,95.0
609720,LANE TECH HS,,,2015,94.2,94.8
609721,LINDBLOM COLL PREP H,Closed,,2011,,
609721,LINDBLOM COLL PREP H,Closed,,2012,,
609721,LINDBLOM COLL PREP H,Closed,,2013,,
609721,LINDBLOM COLL PREP H,Closed,,2014,,
609721,LINDBLOM COLL PREP H,Closed,,2015,,
609722,MANLEY HS,,,2011,67.5,48.9
609722,MANLEY HS,,,2012,71.6,49.9
609722,MANLEY HS,,,2013,79.5,45.7
609722,MANLEY HS,,,2014,83.6,47.1
609722,MANLEY HS,,,2015,85.3,50.7
609723,MARSHALL HS,,,2011,74.3,36.0
609723,MARSHALL HS,,,2012,77.4,47.5
609723,MARSHALL HS,,,2013,75.1,39.0
609723,MARSHALL HS,,,2014,81.3,43.9
609723,MARSHALL HS,,,2015,86.4,39.7
609724,MATHER HS,,,2011,87.6,55.9
609724,MATHER HS,,,2012,88.7,60.6
609724,MATHER HS,,,2013,87.5,63.9
609724,MATHER HS,,,2014,89.6,67.1
609724,MATHER HS,,,2015,90.8,69.1
609725,MORGAN PARK HS,,,2011,84.4,75.8
609725,MORGAN PARK HS,,,2012,83.0,77.3
609725,MORGAN PARK HS,,,2013,86.4,75.3
609725,MORGAN PARK HS,,,2014,85.9,79.4
609725,MORGAN PARK HS,,,2015,85.7,72.0
609726,BROOKS HS,,,2011,87.1,88.1
609726,BROOKS HS,,,2012,90.1,88.2
609726,BROOKS HS,,,2013,88.9,85.3
609726,BROOKS HS,,,2014,89.2,87.0
609726,BROOKS HS,,,2015,92.1,92.2
609727,PHILLIPS HS,,,2011,63.2,40.0
609727,PHILLIPS HS,,,2012,70.3,40.2
609727,PHILLIPS HS,,,2013,77.0,44.7
609727,PHILLIPS HS,,,2014,82.8,47.2
609727,PHILLIPS HS,,,2015,75.6,45.9
609728,ROOSEVELT HS,,,2011,82.3,56.0
609728,ROOSEVELT HS,,,2012,85.0,52.3
609728,ROOSEVELT HS,,,2013,85.7,56.6
609728,ROOSEVELT HS,,,2014,83.7,56.3
609728,ROOSEVELT HS,,,2015,86.9,62.9
609729,SCHURZ HS,,,2011,81.3,59.1
609729,SCHURZ HS,,,2012,82.0,60.2
609729,SCHURZ HS,,,2013,82.0,62.9
609729,SCHURZ HS,,,2014,85.0,64.6
609729,SCHURZ HS,,,2015,86.4,62.6
609730,SENN HS,,,2011,81.9,39.8
609730,SENN HS,,,2012,86.3,47.2
609730,SENN HS,,,2013,91.0,53.4
609730,SENN HS,,,2014,91.7,54.6
609730,SENN HS,,,2015,92.2,72.3
609732,STEINMETZ HS,,,2011,79.2,56.4
609732,STEINMETZ HS,,,2012,82.2,58.2
609732,STEINMETZ HS,,,2013,87.0,59.7
609732,STEINMETZ HS,,,2014,88.0,64.1
609732,STEINMETZ HS,,,2015,88.3,67.5
609733,SULLIVAN HS,,,2011,81.8,38.8
609733,SULLIVAN HS,,,2012,80.2,44.8
609733,SULLIVAN HS,,,2013,80.2,50.6
609733,SULLIVAN HS,,,2014,85.1,47.7
609733,SULLIVAN HS,,,2015,89.3,58.7
609734,TAFT HS,,,2011,89.1,65.4
609734,TAFT HS,,,2012,89.3,70.7
609734,TAFT HS,,,2013,90.5,71.7
609734,TAFT HS,,,2014,89.6,77.4
609734,TAFT HS,,,2015,91.0,80.9
609735,TILDEN HS,,,2011,78.5,39.0
609735,TILDEN HS,,,2012,71.2,32.1
609735,TILDEN HS,,,2013,75.5,52.6
609735,TILDEN HS,,,2014,81.4,49.6
609735,TILDEN HS,,,2015,81.0,55.3
609736,DYETT HS,,Closed,2011,62.7,33.7
609736,DYETT HS,,Closed,2012,65.8,43.1
609736,DYETT HS,,Closed,2013,71.2,37.4
609736,DYETT HS,,Closed,2014,72.9,42.0
609736,DYETT HS,,Closed,2015,87.0,46.4
609737,VON STEUBEN HS,,,2011,87.0,84.4
609737,VON STEUBEN HS,,,2012,89.6,85.4
609737,VON STEUBEN HS,,,2013,92.0,79.9
609737,VON STEUBEN HS,,,2014,92.4,88.2
609737,VON STEUBEN HS,,,2015,93.2,86.0
609738,LINCOLN PARK HS,,,2011,84.7,77.2
609738,LINCOLN PARK HS,,,2012,86.3,72.6
609738,LINCOLN PARK HS,,,2013,87.3,81.6
609738,LINCOLN PARK HS,,,2014,87.8,81.2
609738,LINCOLN PARK HS,,,2015,90.1,83.6
609739,WASHINGTON HS,,,2011,80.2,64.7
609739,WASHINGTON HS,,,2012,80.5,62.3
609739,WASHINGTON HS,,,2013,85.2,67.8
609739,WASHINGTON HS,,,2014,86.4,66.5
609739,WASHINGTON HS,,,2015,86.7,69.8
609740,WELLS HS,,,2011,74.5,59.1
609740,WELLS HS,,,2012,81.3,53.8
609740,WELLS HS,,,2013,80.3,54.3
609740,WELLS HS,,,2014,86.3,62.8
609740,WELLS HS,,,2015,89.0,56.0
609741,HUBBARD HS,,,2011,89.3,56.9
609741,HUBBARD HS,,,2012,89.9,62.4
609741,HUBBARD HS,,,2013,91.0,65.4
609741,HUBBARD HS,,,2014,91.6,67.5
609741,HUBBARD HS,,,2015,91.9,77.6
609742,ENGLEWOOD ACADEMY HS,Closed,,2011,,
609742,ENGLEWOOD ACADEMY HS,Closed,,2012,,
609742,ENGLEWOOD ACADEMY HS,Closed,,2013,,
609742,ENGLEWOOD ACADEMY HS,Closed,,2014,,
609742,ENGLEWOOD ACADEMY HS,Closed,,2015,,
609743,PHILLIPS AA HS,Closed,Closed,2011,48.4,20.8
609743,PHILLIPS AA HS,Closed,Closed,2012,32.8,24.1
609743,PHILLIPS AA HS,Closed,Closed,2013,37.3,19.6
609743,PHILLIPS AA HS,Closed,Closed,2014,,22.0
609743,PHILLIPS AA HS,Closed,Closed,2015,,22.0
609744,NORTHSIDE LEARNING HS,,,2011,89.9,0.0
609744,NORTHSIDE LEARNING HS,,,2012,91.4,3.8
609744,NORTHSIDE LEARNING HS,,,2013,90.4,0.0
609744,NORTHSIDE LEARNING HS,,,2014,90.8,0.0
609744,NORTHSIDE LEARNING HS,,,2015,92.5,4.5
609745,SOUTHSIDE HS,,,2011,86.0,71.7
609745,SOUTHSIDE HS,,,2012,87.8,53.2
609745,SOUTHSIDE HS,,,2013,89.0, 
609745,SOUTHSIDE HS,,,2014,89.4,39.2
609745,SOUTHSIDE HS,,,2015,89.7,45.9
609746,KENWOOD HS,,,2011,88.4,68.3
609746,KENWOOD HS,,,2012,87.8,73.9
609746,KENWOOD HS,,,2013,89.0,77.3
609746,KENWOOD HS,,,2014,91.7,80.1
609746,KENWOOD HS,,,2015,91.7,79.7
609749,NORTHSIDE PREP HS,,,2011,95.7,97.6
609749,NORTHSIDE PREP HS,,,2012,95.9,98.3
609749,NORTHSIDE PREP HS,,,2013,94.9,96.5
609749,NORTHSIDE PREP HS,,,2014,93.0,98.5
609749,NORTHSIDE PREP HS,,,2015,94.4,97.0
609751,KING HS,,,2011,93.0,75.1
609751,KING HS,,,2012,92.6,85.0
609751,KING HS,,,2013,89.0,85.2
609751,KING HS,,,2014,91.8,85.5
609751,KING HS,,,2015,92.8,88.2
609753,CHICAGO AGRICULTURE HS,,,2011,92.8,70.3
609753,CHICAGO AGRICULTURE HS,,,2012,93.8,70.7
609753,CHICAGO AGRICULTURE HS,,,2013,93.0,72.5
609753,CHICAGO AGRICULTURE HS,,,2014,93.8,75.7
609753,CHICAGO AGRICULTURE HS,,,2015,93.6,74.4
609754,CHICAGO MILITARY HS,,,2011,90.5,81.8
609754,CHICAGO MILITARY HS,,,2012,89.7,67.1
609754,CHICAGO MILITARY HS,,,2013,90.0,78.7
609754,CHICAGO MILITARY HS,,,2014,89.7,80.3
609754,CHICAGO MILITARY HS,,,2015,89.9,77.1
609755,YOUNG HS,,,2011,94.6,93.9
609755,YOUNG HS,,,2012,95.5,91.1
609755,YOUNG HS,,,2013,93.7,94.4
609755,YOUNG HS,,,2014,95.1,93.3
609755,YOUNG HS,,,2015,94.4,91.4
609756,CURIE HS,,,2011,85.1,66.7
609756,CURIE HS,,,2012,83.1,67.2
609756,CURIE HS,,,2013,87.9,68.7
609756,CURIE HS,,,2014,89.8,69.8
609756,CURIE HS,,,2015,87.7,67.8
609759,CLEMENTE HS,,,2011,70.1,48.5
609759,CLEMENTE HS,,,2012,78.7,47.0
609759,CLEMENTE HS,,,2013,81.2,50.9
609759,CLEMENTE HS,,,2014,82.0,61.0
609759,CLEMENTE HS,,,2015,82.0,67.3
609760,CARVER MILITARY HS,,,2011,91.7,74.6
609760,CARVER MILITARY HS,,,2012,91.4,79.1
609760,CARVER MILITARY HS,,,2013,92.2,79.2
609760,CARVER MILITARY HS,,,2014,94.1,90.2
609760,CARVER MILITARY HS,,,2015,94.2,89.3
609761,CORLISS HS,,,2011,71.4,42.6
609761,CORLISS HS,,,2012,73.6,44.4
609761,CORLISS HS,,,2013,78.1,51.3
609761,CORLISS HS,,,2014,79.9,48.1
609761,CORLISS HS,,,2015,80.2,59.9
609762,JULIAN HS,,,2011,74.7,60.0
609762,JULIAN HS,,,2012,75.9,54.0
609762,JULIAN HS,,,2013,80.7,58.4
609762,JULIAN HS,,,2014,76.2,61.1
609762,JULIAN HS,,,2015,79.2,71.3
609763,COLLINS HIGH,Closed,,2011,,
609763,COLLINS HIGH,Closed,,2012,,
609763,COLLINS HIGH,Closed,,2013,,
609763,COLLINS HIGH,Closed,,2014,,
609763,COLLINS HIGH,Closed,,2015,,
609764,JUAREZ HS,,,2011,83.8,55.6
609764,JUAREZ HS,,,2012,87.2,68.0
609764,JUAREZ HS,,,2013,89.2,67.7
609764,JUAREZ HS,,,2014,90.2,74.0
609764,JUAREZ HS,,,2015,89.4,80.8
609765,LAS CASAS HS,Closed,Closed,2011,,16.1
609765,LAS CASAS HS,Closed,Closed,2012,,18.5
609765,LAS CASAS HS,Closed,Closed,2013,,6.7
609765,LAS CASAS HS,Closed,Closed,2014,,31.3
609765,LAS CASAS HS,Closed,Closed,2015,, 
609766,VAUGHN HS,,,2011,87.8,65.3
609766,VAUGHN HS,,,2012,89.5,44.7
609766,VAUGHN HS,,,2013,85.9,43.2
609766,VAUGHN HS,,,2014,87.6,8.7
609766,VAUGHN HS,,,2015,88.9,25.7
609768,HOPE HS,,,2011,72.5,52.6
609768,HOPE HS,,,2012,76.6,54.0
609768,HOPE HS,,,2013,80.0,56.7
609768,HOPE HS,,,2014,81.1,65.5
609768,HOPE HS,,,2015,84.0,59.3
609769,GRAHAM HS,,,2011,86.3,10.3
609769,GRAHAM HS,,,2012,86.2,45.5
609769,GRAHAM HS,,,2013,88.7,41.7
609769,GRAHAM HS,,,2014,88.6, 
609769,GRAHAM HS,,,2015,88.1, 
609987,HENDRICKS,,,2011,91.3,
609987,HENDRICKS,,,2012,91.7,
609987,HENDRICKS,,,2013,90.7,
609987,HENDRICKS,,,2014,90.3,
609987,HENDRICKS,,,2015,92.0,
610029,LOZANO,,,2011,94.8,
610029,LOZANO,,,2012,94.9,
610029,LOZANO,,,2013,94.0,
610029,LOZANO,,,2014,94.0,
610029,LOZANO,,,2015,95.3,
610148,CHAVEZ,,,2011,95.1,
610148,CHAVEZ,,,2012,95.6,
610148,CHAVEZ,,,2013,95.4,
610148,CHAVEZ,,,2014,96.2,
610148,CHAVEZ,,,2015,96.5,
610167,SEWARD,,,2011,95.7,
610167,SEWARD,,,2012,96.1,
610167,SEWARD,,,2013,95.8,
610167,SEWARD,,,2014,96.1,
610167,SEWARD,,,2015,96.1,
610244,CLARK HS,,,2011,79.4,86.4
610244,CLARK HS,,,2012,89.6,75.1
610244,CLARK HS,,,2013,90.2,79.1
610244,CLARK HS,,,2014,91.5,79.1
610244,CLARK HS,,,2015,90.8,79.5
610245,DOUGLASS HS,,,2011,79.8,50.6
610245,DOUGLASS HS,,,2012,76.9,58.0
610245,DOUGLASS HS,,,2013,78.5,50.0
610245,DOUGLASS HS,,,2014,75.9,58.6
610245,DOUGLASS HS,,,2015,78.8,57.7
610296,SCHOOL OF TECH HS,Closed,Closed,2011,80.0,49.1
610296,SCHOOL OF TECH HS,Closed,Closed,2012,,47.8
610296,SCHOOL OF TECH HS,Closed,Closed,2013,,53.3
610296,SCHOOL OF TECH HS,Closed,Closed,2014,,52.6
610296,SCHOOL OF TECH HS,Closed,Closed,2015,,49.1
610297,SCHOOL OF LEADRSHP HS,,Closed,2011,72.6,36.6
610297,SCHOOL OF LEADRSHP HS,,Closed,2012,70.9,41.7
610297,SCHOOL OF LEADRSHP HS,,Closed,2013,74.7,44.4
610297,SCHOOL OF LEADRSHP HS,,Closed,2014,78.0,48.1
610297,SCHOOL OF LEADRSHP HS,,Closed,2015,,51.1
610301,BIG PICTURE BACK OF,Closed,,2011,,
610301,BIG PICTURE BACK OF,Closed,,2012,,
610301,BIG PICTURE BACK OF,Closed,,2013,,
610301,BIG PICTURE BACK OF,Closed,,2014,,
610301,BIG PICTURE BACK OF,Closed,,2015,,
610302,EXCEL - ORR HIGH,Closed,Closed,2011,,50.7
610302,EXCEL - ORR HIGH,Closed,Closed,2012,,56.1
610302,EXCEL - ORR HIGH,Closed,Closed,2013,, 
610302,EXCEL - ORR HIGH,Closed,Closed,2014,, 
610302,EXCEL - ORR HIGH,Closed,Closed,2015,, 
610303,AASTA HS,Closed,Closed,2011,,45.0
610303,AASTA HS,Closed,Closed,2012,,38.1
610303,AASTA HS,Closed,Closed,2013,, 
610303,AASTA HS,Closed,Closed,2014,, 
610303,AASTA HS,Closed,Closed,2015,, 
610304,PHOENIX MILITARY HS,,,2011,92.1,72.7
610304,PHOENIX MILITARY HS,,,2012,93.3,72.0
610304,PHOENIX MILITARY HS,,,2013,95.7,79.1
610304,PHOENIX MILITARY HS,,,2014,95.3,81.4
610304,PHOENIX MILITARY HS,,,2015,95.6,84.9
610307,BOWEN HS,Closed,Closed,2011,67.8,53.1
610307,BOWEN HS,Closed,Closed,2012,,57.7
610307,BOWEN HS,Closed,Closed,2013,,64.2
610307,BOWEN HS,Closed,Closed,2014,,57.3
610307,BOWEN HS,Closed,Closed,2015,,64.3
610309,CHGO DISCOVERY HS,Closed,Closed,2011,78.9,62.0
610309,CHGO DISCOVERY HS,Closed,Closed,2012,,67.0
610309,CHGO DISCOVERY HS,Closed,Closed,2013,,67.3
610309,CHGO DISCOVERY HS,Closed,Closed,2014,,65.8
610309,CHGO DISCOVERY HS,Closed,Closed,2015,,66.7
610310,SCHOOL OF THE ARTS HS,Closed,Closed,2011,80.1,58.2
610310,SCHOOL OF THE ARTS HS,Closed,Closed,2012,,46.9
610310,SCHOOL OF THE ARTS HS,Closed,Closed,2013,,60.0
610310,SCHOOL OF THE ARTS HS,Closed,Closed,2014,,65.9
610310,SCHOOL OF THE ARTS HS,Closed,Closed,2015,,61.5
610311,ENTREPRENEURSHP HS,Closed,Closed,2011,78.2,42.0
610311,ENTREPRENEURSHP HS,Closed,Closed,2012,,41.8
610311,ENTREPRENEURSHP HS,Closed,Closed,2013,,50.0
610311,ENTREPRENEURSHP HS,Closed,Closed,2014,,56.0
610311,ENTREPRENEURSHP HS,Closed,Closed,2015,,47.1
610322,VINES HS,Closed,Closed,2011,,45.1
610322,VINES HS,Closed,Closed,2012,,32.8
610322,VINES HS,Closed,Closed,2013,, 
610322,VINES HS,Closed,Closed,2014,, 
610322,VINES HS,Closed,Closed,2015,, 
610323,BOWEN HS,,,2011,76.4,66.1
610323,BOWEN HS,,,2012,76.4,55.2
610323,BOWEN HS,,,2013,80.8,67.2
610323,BOWEN HS,,,2014,85.9,34.6
610323,BOWEN HS,,,2015,88.3,63.3
610324,GLOBAL VISIONS HS,Closed,Closed,2011,77.1,46.6
610324,GLOBAL VISIONS HS,Closed,Closed,2012,,44.6
610324,GLOBAL VISIONS HS,Closed,Closed,2013,,50.8
610324,GLOBAL VISIONS HS,Closed,Closed,2014,,61.8
610324,GLOBAL VISIONS HS,Closed,Closed,2015,,46.2
610334,RABY HS,,,2011,80.4,72.2
610334,RABY HS,,,2012,82.2,70.2
610334,RABY HS,,,2013,82.0,71.3
610334,RABY HS,,,2014,83.7,71.4
610334,RABY HS,,,2015,86.9,61.9
610337,BIG PIC CO (MET),Closed,,2011,,
610337,BIG PIC CO (MET),Closed,,2012,,
610337,BIG PIC CO (MET),Closed,,2013,,
610337,BIG PIC CO (MET),Closed,,2014,,
610337,BIG PIC CO (MET),Closed,,2015,,
610340,CHICAGO ACADEMY HS,,,2011,93.1,70.1
610340,CHICAGO ACADEMY HS,,,2012,93.6,69.9
610340,CHICAGO ACADEMY HS,,,2013,92.7,72.3
610340,CHICAGO ACADEMY HS,,,2014,93.2,75.4
610340,CHICAGO ACADEMY HS,,,2015,91.5,81.7
610357,SPRY HS,,,2011,95.7,73.7
610357,SPRY HS,,,2012,94.1,87.1
610357,SPRY HS,,,2013,91.4,79.7
610357,SPRY HS,,,2014,90.3,86.7
610357,SPRY HS,,,2015,89.1,83.3
610370,BEST PRACTICE HS,Closed,Closed,2011,86.6,71.4
610370,BEST PRACTICE HS,Closed,Closed,2012,,63.2
610370,BEST PRACTICE HS,Closed,Closed,2013,,73.5
610370,BEST PRACTICE HS,Closed,Closed,2014,, 
610370,BEST PRACTICE HS,Closed,Closed,2015,, 
610374,ROBESON AA HS,Closed,Closed,2011,68.3,25.0
610374,ROBESON AA HS,Closed,Closed,2012,74.3,13.3
610374,ROBESON AA HS,Closed,Closed,2013,75.1,14.8
610374,ROBESON AA HS,Closed,Closed,2014,,20.1
610374,ROBESON AA HS,Closed,Closed,2015,,20.0
610375,TILDEN AA HS,Closed,Closed,2011,70.3,25.9
610375,TILDEN AA HS,Closed,Closed,2012,62.5,18.0
610375,TILDEN AA HS,Closed,Closed,2013,67.5,25.2
610375,TILDEN AA HS,Closed,Closed,2014,,30.2
610375,TILDEN AA HS,Closed,Closed,2015,,39.0
610376,WESTINGHOUSE ACH A H,Closed,,2011,,
610376,WESTINGHOUSE ACH A H,Closed,,2012,,
610376,WESTINGHOUSE ACH A H,Closed,,2013,,
610376,WESTINGHOUSE ACH A H,Closed,,2014,,
610376,WESTINGHOUSE ACH A H,Closed,,2015,,
610377,SENN AA HS,Closed,Closed,2011,71.5,19.8
610377,SENN AA HS,Closed,Closed,2012,,22.2
610377,SENN AA HS,Closed,Closed,2013,,25.0
610377,SENN AA HS,Closed,Closed,2014,,19.3
610377,SENN AA HS,Closed,Closed,2015,,28.6
610378,CRANE AA,Closed,Closed,2011,52.8,29.6
610378,CRANE AA,Closed,Closed,2012,54.7,29.0
610378,CRANE AA,Closed,Closed,2013,55.6,31.3
610378,CRANE AA,Closed,Closed,2014,,22.4
610378,CRANE AA,Closed,Closed,2015,,33.6
610380,WILLIAMS HS,,,2011,91.3, 
610380,WILLIAMS HS,,,2012,88.9,81.7
610380,WILLIAMS HS,,,2013,89.7,88.3
610380,WILLIAMS HS,,,2014,88.6,89.3
610380,WILLIAMS HS,,,2015,90.0,89.7
610381,BRONZEVILLE HS,,,2011,92.3,84.6
610381,BRONZEVILLE HS,,,2012,91.8,71.8
610381,BRONZEVILLE HS,,,2013,88.1,87.6
610381,BRONZEVILLE HS,,,2014,86.4,79.1
610381,BRONZEVILLE HS,,,2015,88.0,85.4
610383,SOCIAL JUSTICE HS,,,2011,87.6,67.0
610383,SOCIAL JUSTICE HS,,,2012,88.9,69.3
610383,SOCIAL JUSTICE HS,,,2013,91.9,71.3
610383,SOCIAL JUSTICE HS,,,2014,91.5,69.1
610383,SOCIAL JUSTICE HS,,,2015,92.0,77.8
610384,INFINITY HS,,,2011,92.2,82.6
610384,INFINITY HS,,,2012,93.5,77.5
610384,INFINITY HS,,,2013,93.6,80.2
610384,INFINITY HS,,,2014,92.4,81.5
610384,INFINITY HS,,,2015,92.0,94.3
610385,MULTICULTURAL HS,,,2011,89.3,56.9
610385,MULTICULTURAL HS,,,2012,91.9,56.1
610385,MULTICULTURAL HS,,,2013,91.0,65.5
610385,MULTICULTURAL HS,,,2014,88.7,60.6
610385,MULTICULTURAL HS,,,2015,88.9,72.2
610387,SECOND CHANCE ALT HS,Closed,,2011,,
610387,SECOND CHANCE ALT HS,Closed,,2012,,
610387,SECOND CHANCE ALT HS,Closed,,2013,,
610387,SECOND CHANCE ALT HS,Closed,,2014,,
610387,SECOND CHANCE ALT HS,Closed,,2015,,
610389,ORR HS,,,2011,66.7, 
610389,ORR HS,,,2012,58.0, 
610389,ORR HS,,,2013,72.8,41.6
610389,ORR HS,,,2014,71.4,41.0
610389,ORR HS,,,2015,76.9,49.3
610390,RICKOVER MILITARY HS,,,2011,93.0,61.8
610390,RICKOVER MILITARY HS,,,2012,93.3,71.1
610390,RICKOVER MILITARY HS,,,2013,92.9,68.4
610390,RICKOVER MILITARY HS,,,2014,92.7,75.7
610390,RICKOVER MILITARY HS,,,2015,92.9,86.2
610391,LINDBLOM HS,,,2011,92.8,68.3
610391,LINDBLOM HS,,,2012,94.1,78.0
610391,LINDBLOM HS,,,2013,93.3,79.8
610391,LINDBLOM HS,,,2014,93.4,81.6
610391,LINDBLOM HS,,,2015,93.3,90.8
610392,WORLD LANGUAGE HS,,,2011,91.7,67.8
610392,WORLD LANGUAGE HS,,,2012,93.4,59.8
610392,WORLD LANGUAGE HS,,,2013,93.5,82.5
610392,WORLD LANGUAGE HS,,,2014,93.3,69.8
610392,WORLD LANGUAGE HS,,,2015,92.5,82.3
610394,UPLIFT HS,,,2011,88.7,59.5
610394,UPLIFT HS,,,2012,90.3,69.8
610394,UPLIFT HS,,,2013,86.9,84.2
610394,UPLIFT HS,,,2014,88.3,77.6
610394,UPLIFT HS,,,2015,90.2,80.6
610401,CLEMENTE AA HS,Closed,Closed,2011,52.1,25.0
610401,CLEMENTE AA HS,Closed,Closed,2012,64.8,18.7
610401,CLEMENTE AA HS,Closed,Closed,2013,71.1,14.9
610401,CLEMENTE AA HS,Closed,Closed,2014,,24.5
610401,CLEMENTE AA HS,Closed,Closed,2015,,31.8
610438,,Closed,,2011,,
610438,,Closed,,2012,,
610438,,Closed,,2013,,
610438,,Closed,,2014,,
610438,,Closed,,2015,,
610443,,Closed,,2011,,
610443,,Closed,,2012,,
610443,,Closed,,2013,,
610443,,Closed,,2014,,
610443,,Closed,,2015,,
610444,,Closed,,2011,,
610444,,Closed,,2012,,
610444,,Closed,,2013,,
610444,,Closed,,2014,,
610444,,Closed,,2015,,
610453,,Closed,,2011,,
610453,,Closed,,2012,,
610453,,Closed,,2013,,
610453,,Closed,,2014,,
610453,,Closed,,2015,,
610454,PROCTOR APC,Closed,,2011,,
610454,PROCTOR APC,Closed,,2012,,
610454,PROCTOR APC,Closed,,2013,,
610454,PROCTOR APC,Closed,,2014,,
610454,PROCTOR APC,Closed,,2015,,
610457,RODRIGUEZ APC,Closed,,2011,,
610457,RODRIGUEZ APC,Closed,,2012,,
610457,RODRIGUEZ APC,Closed,,2013,,
610457,RODRIGUEZ APC,Closed,,2014,,
610457,RODRIGUEZ APC,Closed,,2015,,
610458,SENGSTACKE APC,Closed,,2011,,
610458,SENGSTACKE APC,Closed,,2012,,
610458,SENGSTACKE APC,Closed,,2013,,
610458,SENGSTACKE APC,Closed,,2014,,
610458,SENGSTACKE APC,Closed,,2015,,
610459,SPALDING HIGH,Closed,,2011,,
610459,SPALDING HIGH,Closed,,2012,,
610459,SPALDING HIGH,Closed,,2013,,
610459,SPALDING HIGH,Closed,,2014,,
610459,SPALDING HIGH,Closed,,2015,,
610461,TESLA ALT HIGH,Closed,,2011,,
610461,TESLA ALT HIGH,Closed,,2012,,
610461,TESLA ALT HIGH,Closed,,2013,,
610461,TESLA ALT HIGH,Closed,,2014,,
610461,TESLA ALT HIGH,Closed,,2015,,
610463,JULIAN ACHIEVE ACA,Closed,,2011,,
610463,JULIAN ACHIEVE ACA,Closed,,2012,,
610463,JULIAN ACHIEVE ACA,Closed,,2013,,
610463,JULIAN ACHIEVE ACA,Closed,,2014,,
610463,JULIAN ACHIEVE ACA,Closed,,2015,,
610469,,Closed,,2011,,
610469,,Closed,,2012,,
610469,,Closed,,2013,,
610469,,Closed,,2014,,
610469,,Closed,,2015,,
610475,ARTS OF LIVING HIGH,Closed,,2011,,
610475,ARTS OF LIVING HIGH,Closed,,2012,,
610475,ARTS OF LIVING HIGH,Closed,,2013,,
610475,ARTS OF LIVING HIGH,Closed,,2014,,
610475,ARTS OF LIVING HIGH,Closed,,2015,,
610479,FLOWER VOC HIGH,Closed,,2011,,
610479,FLOWER VOC HIGH,Closed,,2012,,
610479,FLOWER VOC HIGH,Closed,,2013,,
610479,FLOWER VOC HIGH,Closed,,2014,,
610479,FLOWER VOC HIGH,Closed,,2015,,
610480,,Closed,,2011,,
610480,,Closed,,2012,,
610480,,Closed,,2013,,
610480,,Closed,,2014,,
610480,,Closed,,2015,,
610481,,Closed,,2011,,
610481,,Closed,,2012,,
610481,,Closed,,2013,,
610481,,Closed,,2014,,
610481,,Closed,,2015,,
610482,HARVEY APC,Closed,,2011,,
610482,HARVEY APC,Closed,,2012,,
610482,HARVEY APC,Closed,,2013,,
610482,HARVEY APC,Closed,,2014,,
610482,HARVEY APC,Closed,,2015,,
610483,HAYES APC,Closed,,2011,,
610483,HAYES APC,Closed,,2012,,
610483,HAYES APC,Closed,,2013,,
610483,HAYES APC,Closed,,2014,,
610483,HAYES APC,Closed,,2015,,
610484,HERNANDEZ APC,Closed,,2011,,
610484,HERNANDEZ APC,Closed,,2012,,
610484,HERNANDEZ APC,Closed,,2013,,
610484,HERNANDEZ APC,Closed,,2014,,
610484,HERNANDEZ APC,Closed,,2015,,
610486,PARTEE APC,Closed,,2011,,
610486,PARTEE APC,Closed,,2012,,
610486,PARTEE APC,Closed,,2013,,
610486,PARTEE APC,Closed,,2014,,
610486,PARTEE APC,Closed,,2015,,
610488,,Closed,,2011,,
610488,,Closed,,2012,,
610488,,Closed,,2013,,
610488,,Closed,,2014,,
610488,,Closed,,2015,,
610499,COLLINS HS,,,2011,91.4, 
610499,COLLINS HS,,,2012,90.1,69.4
610499,COLLINS HS,,,2013,78.6,73.5
610499,COLLINS HS,,,2014,79.2,70.6
610499,COLLINS HS,,,2015,79.4,72.1
610501,AUSTIN POLY HS,,Closed,2011,70.2, 
610501,AUSTIN POLY HS,,Closed,2012,68.5,63.1
610501,AUSTIN POLY HS,,Closed,2013,76.1,57.1
610501,AUSTIN POLY HS,,Closed,2014,83.2,60.3
610501,AUSTIN POLY HS,,Closed,2015,85.9,50.7
610502,MARINE MILITARY HS,,Closed,2011,91.4, 
610502,MARINE MILITARY HS,,Closed,2012,91.5,73.5
610502,MARINE MILITARY HS,,Closed,2013,92.1,74.6
610502,MARINE MILITARY HS,,Closed,2014,91.3,65.7
610502,MARINE MILITARY HS,,Closed,2015,,86.8
610506,TEAM HS,,,2011,87.3, 
610506,TEAM HS,,,2012,85.6,66.7
610506,TEAM HS,,,2013,85.7,78.0
610506,TEAM HS,,,2014,86.9,74.2
610506,TEAM HS,,,2015,87.9,71.8
610513,AIR FORCE HS,,,2011,93.4, 
610513,AIR FORCE HS,,,2012,82.9, 
610513,AIR FORCE HS,,,2013,89.9, 
610513,AIR FORCE HS,,,2014,92.3,70.2
610513,AIR FORCE HS,,,2015,92.1,84.0
610518,AUSTIN CCA HS,,,2011,84.6, 
610518,AUSTIN CCA HS,,,2012,82.0, 
610518,AUSTIN CCA HS,,,2013,79.9,67.8
610518,AUSTIN CCA HS,,,2014,80.5,55.4
610518,AUSTIN CCA HS,,,2015,85.1,70.9
610524,ALCOTT HS,,,2011,92.8, 
610524,ALCOTT HS,,,2012,92.2, 
610524,ALCOTT HS,,,2013,90.9, 
610524,ALCOTT HS,,,2014,88.5,86.3
610524,ALCOTT HS,,,2015,91.3,77.7
610529,OGDEN HS,,,2011,94.2, 
610529,OGDEN HS,,,2012,92.0, 
610529,OGDEN HS,,,2013,91.4, 
610529,OGDEN HS,,,2014,91.1,68.6
610529,OGDEN HS,,,2015,92.4,76.9
610535,MASON HS,Closed,Closed,2011,90.9, 
610535,MASON HS,Closed,Closed,2012,87.2, 
610535,MASON HS,Closed,Closed,2013,89.0, 
610535,MASON HS,Closed,Closed,2014,,78.3
610535,MASON HS,Closed,Closed,2015,,68.2
