SCHOOL INFORMATION ,,,,,PERMANENT UTILIZATION (SY2021),,,,ADJUSTED UTILIZATION 1 (SY2021),,,,CLASSROOM DEDUCTIONS (SY2021),,,,,STUDENT DEDUCTIONS (SY2021),ADJUSTED UTILIZATION 2 (SY2021),,,FINAL STATUS (SY2021)
School ID,School Name,Grade Category,Co-Location,Grades Offered,SY2021 20th Day School Enrollment,Total Classrooms (CR's),Ideal Capacity (IC) for Permanent Bldg Only,Space Utilization (SU) for Permanent Bldg Only,Modular CR's,Leased CR's,Adjusted IC 1,Adjusted SU 1,Cluster Program CR's to Deduct,Pre-K Program CR's to Deduct,Other Qualifying CR's to Deduct,Small CR's to Deduct,"Total CR's Less Cluster, Pre-K, Other & Small",Students Assigned to Cluster or PK programs,Adjusted SY2021 20th Day School Enrollment ,Adjusted IC 2 After CR Deductions,SY2021 Adjusted SU 2,SY2021 SU Status
609772,ADDAMS,ES,No,'PK-8,615,22.5,510,121%,12,0,780,79%,2,3,0,1.5,28,49,566,630,90%,Efficient
609773,AGASSIZ,ES,No,'PK-8,461,25.5,570,81%,0,0,--,--,0,1,0,1.5,23,22,439,510,86%,Efficient
609774,ALCOTT ES,ES,No,'PK-8,614,34.5,780,79%,0,0,--,--,0,2,0,0.5,32,*,605,720,84%,Efficient
609848,ALDRIDGE,ES,No,'PK-8,188,25,570,33%,0,0,--,--,0,1,0,0,24,*,182,540,34%,Underutilized
609777,ARMOUR,ES,No,'PK-8,253,22.5,510,50%,0,0,--,--,1,2,0,0.5,19,20,233,420,56%,Underutilized
609779,ARMSTRONG G,ES,No,'PK-8,1221,56,1290,95%,0,0,--,--,1,3,0,7,45,60,1161,1020,114%,Overcrowded
610287,ASHBURN,ES,No,'PK-8,396,0,0,--,0,28,630,63%,4,2,0,0,22,65,331,480,69%,Underutilized
610268,ASHE,ES,No,'PK-8,328,30,690,48%,0,0,--,--,0,2,0,0,28,14,314,630,50%,Underutilized
609782,AUDUBON,ES,No,'PK-8,521,27.5,630,83%,0,0,--,--,0,2,0,1.5,24,20,501,540,93%,Efficient
609786,AVALON PARK,ES,No,'PK-8,227,34,780,29%,0,0,--,--,0,1,0,1,32,*,219,720,30%,Underutilized
610325,AVONDALE-LOGANDALE,ES,No,'PK-8,575,51,1170,49%,0,0,--,--,0,3,0,0,48,24,551,1080,51%,Underutilized
610544,AZUELA,ES,No,'PK-8,803,36,810,99%,0,0,--,--,0,2,0,0,34,25,778,780,100%,Efficient
609788,BARNARD,ES,No,'PK-8,266,16.5,360,74%,0,0,--,--,0,1,0,2.5,13,12,254,300,85%,Efficient
609789,BARRY,ES,No,'PK-6,504,30.5,690,73%,0,0,--,--,0,2,0,1.5,27,22,482,600,80%,Efficient
609790,BARTON,ES,No,'PK-8,331,37.5,840,39%,0,0,--,--,5,2,0,1.5,29,48,283,660,43%,Underutilized
609791,BASS,ES,No,'PK-8,381,35.5,810,47%,0,0,--,--,1,2,0,1.5,31,34,347,690,50%,Underutilized
609792,BATEMAN,ES,No,'PK-8,887,50.5,1140,78%,0,0,--,--,2,4,0,4.5,40,71,816,900,91%,Efficient
610246,BEASLEY,ES,No,'PK-8,1115,57.5,1320,85%,0,0,--,--,4,6,0,3.5,44,106,1009,990,102%,Efficient
609796,BEAUBIEN,ES,No,'PK-8,1020,47.5,1080,94%,0,0,--,--,2,1,0,5.5,39,36,984,900,109%,Efficient
610237,BEETHOVEN,ES,No,'PK-8,237,43,990,24%,0,0,--,--,1,2,0,0,40,24,213,900,24%,Underutilized
609797,BEIDLER,ES,No,'PK-8,334,35.5,810,41%,0,0,--,--,0,3,0,0.5,32,20,314,720,44%,Underutilized
609798,BELDING,ES,No,'PK-8,545,29,660,83%,0,0,--,--,0,2,0,1,26,30,515,600,86%,Efficient
609799,BELL,ES,No,'K-8,981,44.5,1020,96%,0,0,--,--,2,0,0,3.5,39,28,953,900,106%,Efficient
609800,BENNETT,ES,No,'PK-8,262,24,540,49%,0,0,--,--,0,2,0,0,22,14,248,480,52%,Underutilized
610350,BLACK,ES,No,'K-8,447,19.5,450,99%,0,0,--,--,0,0,0,0,19.5,0,447,450,99%,Efficient
609803,BLAINE,ES,No,'PK-8,746,39,900,83%,0,0,--,--,0,3,0,0,36,38,708,810,87%,Efficient
610238,BOND,ES,No,'PK-8,238,29,660,36%,0,0,--,--,4,2,0,3,20,38,200,450,44%,Underutilized
609804,BOONE,ES,No,'PK-8,789,39.5,900,88%,0,0,--,--,0,3,0,0.5,36,47,742,810,92%,Efficient
609815,BOUCHET,ES,No,'PK-8,605,52.5,1200,50%,0,0,--,--,1,3,0,3.5,45,29,576,1020,57%,Underutilized
609806,BRADWELL,ES,No,'PK-8,472,38,870,54%,0,0,--,--,0,2,0,1,35,*,463,780,59%,Underutilized
610242,BRENNEMANN,ES,No,'PK-8,371,29,660,56%,0,0,--,--,4,3,0,0,22,82,289,480,60%,Underutilized
609809,BRENTANO,ES,No,'PK-8,600,38,870,69%,0,0,--,--,1,3,0,0,34,55,545,780,70%,Efficient
609810,BRIDGE,ES,No,'PK-8,1063,23,510,208%,12,22,1290,82%,2,4,0,0,51,87,976,1170,83%,Efficient
609811,BRIGHT,ES,No,'PK-8,258,31.5,720,36%,0,0,--,--,5,2,0,0.5,24,49,209,540,39%,Underutilized
610317,BRIGHTON PARK,ES,No,'PK-8,369,31,690,54%,0,0,--,--,0,2,0,6,23,26,343,510,67%,Underutilized
610590,BRONZEVILLE CLASSICAL,ES,No,'K-4,268,27,600,45%,0,0,--,--,0,0,0,0,27,0,268,600,45%,Underutilized
610091,BROWN R,ES,No,'PK-8,303,17.5,390,78%,0,0,--,--,2,1,0,0.5,14,32,271,300,90%,Efficient
609812,BROWN W,ES,No,'PK-8,194,33.5,750,26%,0,0,--,--,4,1,0,1.5,27,32,162,600,27%,Underutilized
609813,BROWNELL,ES,No,'PK-6,175,20.5,450,39%,0,0,--,--,0,1,0,0.5,19,*,168,420,40%,Underutilized
609830,BRUNSON,ES,No,'PK-8,413,38.5,870,48%,0,0,--,--,3,3,0,1.5,31,61,352,690,51%,Underutilized
609817,BUDLONG,ES,No,'PK-8,647,40.5,930,70%,0,0,--,--,1,5,0,2.5,32,71,576,720,80%,Efficient
609818,BURBANK,ES,No,'PK-8,772,57,1290,60%,0,0,--,--,3,3,0,3,48,63,709,1080,66%,Underutilized
609819,BURKE,ES,No,'PK-8,277,30.5,690,40%,0,0,--,--,0,3,0,0.5,27,18,259,600,43%,Underutilized
609820,BURLEY,ES,No,'K-8,569,24.5,540,105%,0,0,--,--,0,0,0,0.5,24,0,569,540,105%,Efficient
609821,BURNHAM,ES,No,'PK-8,419,32,720,58%,0,0,--,--,1,2,0,0,29,10,409,660,62%,Underutilized
609827,BURNSIDE,ES,No,'PK-8,364,39,900,40%,0,0,--,--,3,2,0,0,34,50,314,780,40%,Underutilized
609828,BURR,ES,No,'K-8,492,19.5,450,109%,0,0,--,--,0,0,0,1.5,18,0,492,390,126%,Overcrowded
609829,BURROUGHS,ES,No,'PK-8,418,15.5,330,127%,4,0,450,93%,0,2,0,0.5,17,19,399,390,102%,Efficient
609832,BYRNE,ES,No,'K-8,621,40,900,69%,0,0,--,--,3,0,0,0,37,23,598,840,71%,Efficient
609833,CALDWELL,ES,No,'PK-8,246,33,750,33%,0,0,--,--,0,2,0,0,31,16,230,690,33%,Underutilized
610353,CALMECA,ES,No,'PK-8,705,36,810,87%,0,0,--,--,1,2,0,0,33,33,672,750,90%,Efficient
609835,CAMERON,ES,No,'PK-8,652,46.5,1050,62%,0,0,--,--,0,3,0,0.5,43,23,629,990,64%,Underutilized
610539,CAMRAS,ES,No,'PK-8,866,48.5,1110,78%,0,0,--,--,3,5,0,3.5,37,79,787,840,94%,Efficient
609836,CANTY,ES,No,'PK-8,765,43,990,77%,0,0,--,--,2,1,0,0,40,37,728,900,81%,Efficient
610024,CARDENAS,ES,No,'PK-8,979,60.5,1380,71%,0,0,--,--,1,5,0,0,54.5,41,938,1230,76%,Efficient
609837,CARNEGIE,ES,No,'K-8,567,29,660,86%,0,0,--,--,0,0,0,2,27,0,567,600,95%,Efficient
609839,CARROLL,ES,No,'PK-8,410,36,810,51%,0,0,--,--,1,3,0,2,30,45,365,690,53%,Underutilized
609842,CARSON,ES,No,'PK-8,914,51.5,1170,78%,0,0,--,--,0,5,0,1.5,45,33,881,1020,86%,Efficient
609844,CARTER,ES,No,'PK-8,298,35,780,38%,0,0,--,--,0,1,0,0,34,*,290,780,37%,Underutilized
609845,CARVER G,ES,No,'PK-8,372,44,990,38%,0,0,--,--,0,3,0,0,41,14,358,930,39%,Underutilized
610021,CASALS,ES,No,'PK-8,373,29,660,57%,0,0,--,--,1,3,0,0,25,32,341,570,60%,Underutilized
609849,CASSELL,ES,No,'K-8,386,15,330,117%,8,0,510,76%,2,0,0,1,20,10,376,450,84%,Efficient
610251,CATHER,ES,No,'PK-8,366,32.5,750,49%,0,0,--,--,4,2,0,0.5,26,57,309,600,52%,Underutilized
609851,CHALMERS,ES,No,'PK-8,275,30,690,40%,0,0,--,--,1,2,0,0,27,*,266,600,44%,Underutilized
609852,CHAPPELL,ES,No,'PK-8,555,32,720,77%,0,0,--,--,3,2,0,1,26,53,502,600,84%,Efficient
609853,CHASE,ES,No,'PK-8,388,37.5,840,46%,0,0,--,--,8,3,0,1,25.5,102,286,570,50%,Underutilized
610148,CHAVEZ,ES,No,'PK-8,836,22.5,510,164%,0,13,810,103%,2,2,0,0.5,31,47,789,690,114%,Overcrowded
609854,CHOPIN,ES,No,'PK-8,314,30,690,46%,0,0,--,--,4,2,0,1,23,50,264,510,52%,Underutilized
609855,CHRISTOPHER,ES,No,'K-8,339,20.5,450,75%,4,0,540,63%,12,0,0,3,9.5,135,204,210,97%,Efficient
610347,CLAREMONT,ES,No,'PK-8,420,36,810,52%,0,0,--,--,4,1,0,3,28,58,362,630,58%,Underutilized
609795,CLARK ES,ES,No,'PK-8,182,17,390,47%,0,0,--,--,0,1,0,1,15,*,177,330,54%,Underutilized
609856,CLAY,ES,No,'PK-8,546,29,660,83%,0,2,690,79%,2,3,0,0,26,45,501,600,84%,Efficient
609857,CLEVELAND,ES,No,'PK-8,524,30,690,76%,4,0,780,67%,5,4,0,1.5,23.5,103,421,540,78%,Efficient
609859,CLINTON,ES,No,'PK-8,1079,48,1080,100%,0,0,--,--,0,2,0,3,43,25,1054,990,107%,Efficient
609861,CLISSOLD,ES,No,'PK-8,425,24.5,540,79%,4,0,630,68%,3,1,0,0.5,24,43,382,540,71%,Efficient
610199,COLEMON,ES,No,'PK-8,211,13,300,70%,0,0,--,--,0,2,0,0,11,16,195,240,81%,Efficient
609862,COLES,ES,No,'PK-8,326,31.5,720,45%,8,0,900,36%,1,1,0,0.5,37,10,316,840,38%,Underutilized
610170,COLUMBIA EXPLORERS,ES,No,'PK-8,834,31,690,121%,6,13,1140,73%,3,5,0,1,41,77,757,930,81%,Efficient
609863,COLUMBUS,ES,No,'PK-8,250,12.5,270,93%,0,0,--,--,0,1,0,0.5,11,11,239,240,100%,Efficient
609864,COOK,ES,No,'PK-8,334,45.5,1050,32%,0,0,--,--,2,2,0,0.5,41,19,315,930,34%,Underutilized
609866,COONLEY,ES,No,'K-8,966,39,900,107%,0,0,--,--,2,0,0,2,35,23,943,780,121%,Overcrowded
609867,COOPER,ES,No,'PK-7,454,52,1200,38%,0,0,--,--,4,2,3,0,43,40,414,990,42%,Underutilized
609870,CORKERY,ES,No,'PK-8,422,35,780,54%,0,0,--,--,2,1,0,0,32,31,391,720,54%,Underutilized
610355,COURTENAY,ES,No,'PK-8,272,42,960,28%,0,0,--,--,7,3,0,1,31,68,204,690,30%,Underutilized
609873,CROWN,ES,No,'PK-8,178,32,720,25%,0,0,--,--,0,1,0,0,31,*,170,690,25%,Underutilized
610003,CUFFE,ES,No,'PK-8,213,28.5,630,34%,0,0,--,--,0,2,0,2.5,24,12,201,540,37%,Underutilized
610004,CULLEN,ES,No,'K-8,186,16,360,52%,0,0,--,--,0,0,0,0,16,0,186,360,52%,Underutilized
609900,CURTIS,ES,No,'PK-8,422,37,840,50%,0,0,--,--,0,3,0,2,32,12,410,720,57%,Underutilized
610239,DALEY,ES,No,'PK-8,541,32,720,75%,0,0,--,--,0,3,0,2,27,27,514,600,86%,Efficient
609875,DARWIN,ES,No,'PK-8,544,46,1050,52%,0,0,--,--,2,4,0,0,40,71,473,900,53%,Underutilized
610521,DAVIS M,ES,No,'PK-8,178,27.5,630,28%,0,0,--,--,0,1,0,2.5,24,*,175,540,32%,Underutilized
609876,DAVIS N,ES,No,'PK-8,581,43.5,990,59%,0,0,--,--,4,5,0,1.5,33,69,512,750,68%,Underutilized
609879,DAWES,ES,No,'PK-8,979,35,780,126%,16,0,1170,84%,4,5,0,1,41,78,901,930,97%,Efficient
610313,DE DIEGO,ES,No,'PK-8,454,59,1350,34%,0,0,--,--,5,4,0,2,48,44,410,1080,38%,Underutilized
609880,DECATUR,ES,No,'K-7,286,15,330,87%,0,0,--,--,0,0,0,0,15,0,286,330,87%,Efficient
609883,DENEEN,ES,No,'PK-8,446,33.5,750,60%,0,0,--,--,1,2,0,1.5,29,31,415,660,63%,Underutilized
610367,DEPRIEST,ES,No,'PK-8,483,35,780,62%,0,0,--,--,5,3,0,3,24,74,409,540,76%,Efficient
610252,DETT,ES,No,'PK-8,315,32,720,44%,0,0,--,--,6,2,1,0,23,79,236,510,46%,Underutilized
609884,DEVER,ES,No,'PK-8,713,38.5,870,82%,4,0,960,74%,2,4,0,1.5,35,56,657,780,84%,Efficient
609885,DEWEY,ES,No,'PK-8,291,26,600,49%,0,0,--,--,1,4,0,2,19,23,268,420,64%,Underutilized
609874,DIRKSEN,ES,No,'PK-8,892,52,1200,74%,0,3,1260,71%,1,3,0,0,51,45,847,1170,72%,Efficient
610363,DISNEY,ES,No,'PK-8,1538,82,1890,81%,0,0,--,--,0,3,0,0,79,43,1495,1800,83%,Efficient
610515,DISNEY II ES,ES,No,'PK-6,404,22,480,84%,0,0,--,--,0,2,0,0,20,12,392,450,87%,Efficient
609887,DIXON,ES,No,'PK-8,558,28.5,630,89%,0,0,--,--,0,1,0,0.5,27,12,546,600,91%,Efficient
609891,DOOLITTLE,ES,No,'PK-8,223,28.5,630,35%,0,0,--,--,0,2,0,0.5,26,12,211,600,35%,Underutilized
609893,DORE,ES,No,'PK-8,729,56,1290,57%,12,0,1560,47%,3,4,0,0,61,85,644,1380,47%,Underutilized
609894,DRAKE,ES,No,'PK-8,269,53,1200,22%,0,0,--,--,2,2,19,0,30,27,242,690,35%,Underutilized
609896,DRUMMOND,ES,No,'PK-8,347,19,420,83%,0,0,--,--,0,4,0,0,15,0,347,330,105%,Efficient
610364,DUBOIS,ES,No,'PK-8,213,15,330,65%,0,0,--,--,0,1,0,1,13,*,204,300,68%,Underutilized
610263,DULLES,ES,No,'PK-8,713,37,840,85%,0,0,--,--,0,3,0,1,33,25,688,750,92%,Efficient
610188,DUNNE,ES,No,'PK-8,203,18.5,420,48%,0,0,--,--,0,1,0,0.5,17,10,193,390,50%,Underutilized
610352,DURKIN PARK,ES,No,'PK-8,703,31,690,102%,4,0,780,90%,3,6,0,0,26,60,643,600,107%,Efficient
610254,DVORAK,ES,No,'PK-8,336,35,780,43%,0,0,--,--,0,3,0,0,32,18,318,720,44%,Underutilized
610316,EARHART,ES,No,'K-8,234,13.5,300,78%,0,0,--,--,0,0,0,0.5,13,0,234,300,78%,Efficient
609897,EARLE,ES,No,'PK-8,306,30.5,690,44%,0,0,--,--,2,2,0,0.5,26,29,277,600,46%,Underutilized
609898,EBERHART,ES,No,'K-8,1147,63.5,1440,80%,4,0,1530,75%,0,0,0,0.5,67,0,1147,1530,75%,Efficient
609899,EBINGER,ES,No,'K-8,847,35,780,109%,0,0,--,--,0,0,0,2,33,0,847,750,113%,Overcrowded
609901,EDGEBROOK,ES,No,'K-8,487,22.5,510,96%,0,0,--,--,0,0,0,0.5,22,0,487,480,102%,Efficient
610523,EDISON PARK,ES,No,'K-8,514,25.5,570,90%,0,0,--,--,3,0,0,0.5,22,32,482,480,100%,Efficient
609903,EDWARDS,ES,No,'PK-8,1344,71.5,1650,82%,0,0,--,--,1,6,0,1.5,63,146,1198,1440,83%,Efficient
609904,ELLINGTON,ES,No,'PK-8,432,41,930,47%,0,0,--,--,4,4,0,2,31,66,366,690,53%,Underutilized
609907,ERICSON,ES,No,'PK-8,454,32,720,63%,0,0,--,--,0,3,0,0,29,17,437,660,66%,Underutilized
609908,ESMOND,ES,No,'PK-8,240,18,390,62%,0,0,--,--,0,1,0,0,17,15,225,390,58%,Underutilized
609909,EVERETT,ES,No,'PK-5,124,14,300,41%,6,0,450,28%,3,2,0,0,15,34,90,330,27%,Underutilized
610319,EVERGREEN,ES,No,'6-8,252,19,420,60%,0,0,--,--,0,0,0,0,19,0,252,420,60%,Underutilized
610362,EVERS,ES,No,'PK-8,226,23,510,44%,0,0,--,--,0,2,0,1,20,14,212,450,47%,Underutilized
610057,FAIRFIELD,ES,No,'PK-8,503,0,0,--,0,31,690,73%,0,1,0,0.5,29.5,14,489,660,74%,Efficient
609910,FALCONER,ES,No,'PK-6,971,55.5,1260,77%,0,0,--,--,2,5,0,4.5,44,79,892,990,90%,Efficient
610055,FARADAY,ES,No,'PK-8,207,35,780,27%,0,0,--,--,0,1,0,0,34,*,199,780,26%,Underutilized
609912,FARNSWORTH,ES,No,'PK-8,566,22,480,118%,4,0,600,94%,5,2,0,1,18,111,455,390,117%,Overcrowded
609917,FERNWOOD,ES,No,'PK-8,261,22,480,54%,0,0,--,--,0,1,0,0,21,15,246,480,51%,Underutilized
609918,FIELD,ES,No,'5-8,137,35,780,18%,0,0,--,--,0,0,0,0,35,0,137,780,18%,Underutilized
609967,FINKL,ES,No,'PK-8,241,30,690,35%,0,0,--,--,5,2,0,0,23,47,194,510,38%,Underutilized
609919,FISKE,ES,No,'PK-8,381,38.5,870,44%,0,0,--,--,1,3,0,0.5,34,13,368,780,47%,Underutilized
609924,FORT DEARBORN,ES,No,'PK-8,363,23.5,540,67%,0,0,--,--,2,2,0,0.5,19,30,333,420,79%,Efficient
609927,FOSTER PARK,ES,No,'PK-8,322,34,780,41%,0,0,--,--,5,2,0,0,27,76,246,600,41%,Underutilized
609926,FRANKLIN,ES,No,'K-8,364,18,390,93%,0,0,--,--,0,0,0,2,16,0,364,360,101%,Efficient
610503,FRAZIER PROSPECTIVE,ES,No,'K-8,196,40,900,22%,0,0,--,--,0,0,0,2,38,0,196,870,23%,Underutilized
609928,FULLER,ES,No,'PK-8,339,32.5,750,45%,0,0,--,--,0,2,0,0.5,30,*,331,690,48%,Underutilized
609929,FULTON,ES,No,'PK-8,340,41.5,930,37%,0,0,--,--,1,2,0,0.5,38,34,306,870,35%,Underutilized
609930,FUNSTON,ES,No,'PK-8,423,36.5,840,50%,0,0,--,--,4,3,0,1.5,28,60,363,630,58%,Underutilized
609933,GALE,ES,No,'PK-8,212,42,960,22%,0,0,--,--,3,2,0,1,36,26,186,810,23%,Underutilized
610009,GALILEO,ES,No,'K-8,559,33,750,75%,0,0,--,--,0,0,0,0,33,0,559,750,75%,Efficient
609935,GALLISTEL,ES,No,'PK-8,628,30,690,91%,8,0,870,72%,0,3,0,0,35,27,601,780,77%,Efficient
610128,GARVEY,ES,No,'PK-8,234,27,600,39%,0,0,--,--,0,2,0,2,23,12,222,510,44%,Underutilized
609937,GARVY,ES,No,'K-8,774,31,690,112%,0,0,--,--,0,0,0,1,30,0,774,690,112%,Overcrowded
609938,GARY,ES,No,"'PK, 3-8",931,53,1200,78%,0,0,--,--,5,3,0,0,45,58,873,1020,86%,Efficient
609939,GILLESPIE,ES,No,'PK-8,429,41,930,46%,0,0,--,--,3,3,0,0,35,52,377,780,48%,Underutilized
609942,GOETHE,ES,No,'PK-8,740,36.5,840,88%,0,0,--,--,1,3,0,3.5,29,84,656,660,99%,Efficient
609945,GOUDY,ES,No,'PK-8,621,39.5,900,69%,0,0,--,--,0,3,0,0.5,36,40,581,810,72%,Efficient
609947,GRAHAM ES,ES,No,'PK-8,363,41.5,930,39%,0,0,--,--,0,2,0,0.5,39,17,346,900,38%,Underutilized
609949,GRAY,ES,No,'PK-8,1055,43.5,990,107%,4,0,1080,98%,0,2,0,2.5,43,30,1025,990,104%,Efficient
609850,GREELEY,ES,No,'PK-8,444,26.5,600,74%,0,0,--,--,0,2,0,2.5,22,21,423,480,88%,Efficient
610032,GREEN,ES,No,'PK-8,320,21,480,67%,0,0,--,--,3,1,0,0,17,45,275,390,71%,Efficient
609952,GREENE,ES,No,'PK-5,361,31.5,720,50%,0,0,--,--,1,3,0,1.5,26,38,323,600,54%,Underutilized
609954,GREGORY,ES,No,'PK-8,307,36,810,38%,0,0,--,--,3,2,0,0,31,15,292,690,42%,Underutilized
609955,GRESHAM,ES,No,'PK-8,365,41,930,39%,0,0,--,--,0,2,0,0,39,11,354,900,39%,Underutilized
609956,GRIMES,ES,No,'PK-8,428,14,300,143%,8,0,480,89%,0,1,0,1,20,14,414,450,92%,Efficient
609944,GRISSOM,ES,No,'PK-8,286,12,270,106%,2,1,330,87%,0,1,0,0,14,15,271,300,90%,Efficient
609958,GUNSAULUS,ES,No,'PK-8,726,35.5,810,90%,0,0,--,--,0,3,0,1.5,31,36,690,690,100%,Efficient
609959,HAINES,ES,No,'PK-8,597,30.5,690,87%,0,0,--,--,0,1,0,2.5,27,13,584,600,97%,Efficient
609960,HALE,ES,No,'K-8,815,39,900,91%,0,0,--,--,0,0,0,1,38,0,815,870,94%,Efficient
609808,HALEY,ES,No,'PK-8,447,39.5,900,50%,0,0,--,--,0,3,0,0.5,36,28,419,810,52%,Underutilized
609963,HAMILTON,ES,No,'K-8,460,24,540,85%,0,0,--,--,0,0,0,1,23,0,460,510,90%,Efficient
609964,HAMLINE,ES,No,'PK-8,534,36.5,840,64%,0,0,--,--,4,3,0,4.5,25,63,471,570,83%,Efficient
609966,HAMMOND,ES,No,'PK-8,310,21,480,65%,0,0,--,--,2,2,0,1,16,26,284,360,79%,Efficient
609807,HAMPTON,ES,No,'PK-8,458,30.5,690,66%,0,0,--,--,3,2,0,1.5,24,44,414,540,77%,Efficient
610068,HANSON PARK,ES,No,'PK-8,1304,48.5,1110,118%,6,19.5,1680,78%,10,6,0,5,53,183,1121,1200,93%,Efficient
609969,HARTE,ES,No,'PK-8,285,18.5,420,68%,0,0,--,--,1,2,0,0.5,15,33,252,330,76%,Efficient
609971,HARVARD,ES,No,'PK-8,354,26.5,600,59%,0,0,--,--,3,2,0,0.5,21,30,324,480,68%,Underutilized
609972,HAUGAN,ES,No,'PK-8,893,55,1260,71%,0,0,--,--,5,6,0,0,44,106,787,990,80%,Efficient
609974,HAWTHORNE,ES,No,'K-8,569,29,660,86%,0,0,--,--,0,0,0,0,29,0,569,660,86%,Efficient
609975,HAY,ES,No,'PK-8,283,29,660,43%,0,0,--,--,0,3,0,0,26,17,266,600,44%,Underutilized
609976,HAYT,ES,No,'PK-8,876,45,1020,86%,0,0,--,--,1,3,0,3,38,61,815,870,94%,Efficient
609979,HEALY,ES,No,'K-8,1343,51,1170,115%,0,0,--,--,0,0,0,1,50,0,1343,1140,118%,Overcrowded
609981,HEARST,ES,No,'PK-8,311,34,780,40%,0,0,--,--,7,2,0,0,25,86,225,570,40%,Underutilized
609983,HEDGES,ES,No,'PK-8,524,35,780,67%,0,0,--,--,3,2,0,1,29,59,465,660,71%,Efficient
609985,HEFFERAN,ES,No,'PK-8,255,27.5,630,41%,0,0,--,--,0,3,0,0.5,24,*,252,540,47%,Underutilized
609986,HENDERSON,ES,No,'PK-8,196,29,660,30%,0,0,--,--,0,2,0,0,27,11,185,600,31%,Underutilized
609987,HENDRICKS,ES,No,'PK-8,202,24.5,540,37%,0,0,--,--,4,2,1,0.5,17,37,165,390,42%,Underutilized
609988,HENRY,ES,No,'PK-8,515,34,780,66%,0,0,--,--,0,2,0,0,32,28,487,720,68%,Underutilized
610532,HERNANDEZ,ES,No,'6-8,1002,48,1080,93%,0,0,--,--,0,0,0,0,48,0,1002,1080,93%,Efficient
609994,HIBBARD,ES,No,'PK-6,875,59,1350,65%,0,0,--,--,0,7,0,2,50,101,774,1140,68%,Underutilized
610295,HIGGINS,ES,No,'PK-8,260,22,480,54%,0,0,--,--,0,2,0,0,20,21,239,450,53%,Underutilized
609995,HITCH,ES,No,'PK-8,519,20,450,115%,8,0,630,82%,0,1,0,0,27,13,506,600,84%,Efficient
609996,HOLDEN,ES,No,'PK-8,427,32,720,59%,4,0,810,53%,0,2,0,2,32,20,407,720,57%,Underutilized
609997,HOLMES,ES,No,'PK-8,130,35.5,810,16%,0,0,--,--,0,1,0,0.5,34,*,126,780,16%,Underutilized
610000,HOWE,ES,No,'PK-8,376,28,630,60%,0,0,--,--,0,2,0,0,26,13,363,600,61%,Underutilized
610002,HOYNE,ES,No,'PK-8,220,13,300,73%,0,0,--,--,0,1,0,2,10,*,214,210,102%,Efficient
610005,HUGHES C,ES,No,'PK-8,232,25.5,570,41%,0,0,--,--,2,2,0,0.5,21,21,211,480,44%,Underutilized
610368,HUGHES L,ES,No,'PK-8,427,32,720,59%,0,0,--,--,6,3,0,1,22,75,352,480,73%,Efficient
610006,HURLEY,ES,No,'PK-8,758,27.5,630,120%,6,0,750,101%,1,2,0,0.5,30,42,716,690,104%,Efficient
610078,INTER-AMERICAN,ES,No,'PK-8,701,37,840,84%,0,0,--,--,0,3,0,2,32,56,645,720,90%,Efficient
610121,IRVING,ES,No,'PK-8,310,23.5,540,57%,0,0,--,--,2,2,0,1.5,18,45,265,390,68%,Underutilized
610060,JACKSON A,ES,No,'K-8,505,28,630,80%,0,0,--,--,0,0,0,4,24,0,505,540,94%,Efficient
610369,JACKSON M,ES,No,'PK-8,330,34.5,780,42%,0,0,--,--,3,2,0,1.5,28,43,287,630,46%,Underutilized
610010,JAHN,ES,No,'PK-8,308,24.5,540,57%,0,0,--,--,3,4,0,1.5,16,57,251,360,70%,Efficient
610011,JAMIESON,ES,No,'PK-8,857,48.5,1110,77%,0,0,--,--,4,1,0,0.5,43,46,811,990,82%,Efficient
610271,JENSEN,ES,No,'PK-8,355,35,780,46%,0,0,--,--,0,2,0,0,33,12,343,750,46%,Underutilized
610274,JOHNSON,ES,No,'PK-8,328,26,600,55%,0,0,--,--,0,2,0,0,24,*,321,540,59%,Underutilized
609805,JOPLIN,ES,No,'PK-8,369,31.5,720,51%,0,0,--,--,0,2,0,4.5,25,16,353,570,62%,Underutilized
609865,JORDAN,ES,No,'PK-8,445,30,690,65%,0,0,--,--,1,3,0,2,24,46,399,540,74%,Efficient
610015,JUNGMAN,ES,No,'PK-8,248,22.5,510,49%,0,0,--,--,5,2,0,0.5,15,63,185,330,56%,Underutilized
609920,KANOON,ES,No,'PK-8,466,31,690,68%,0,0,--,--,0,2,0,2,27,*,457,600,76%,Efficient
610084,KELLER,ES,No,'1-8,217,10.5,240,90%,0,0,--,--,0,0,0,0,10.5,0,217,240,90%,Efficient
609925,KELLMAN,ES,No,'PK-8,216,38.5,870,25%,0,0,--,--,0,2,0,2.5,34,12,204,780,26%,Underutilized
610016,KELLOGG,ES,No,'K-8,276,10.5,240,115%,4,0,330,84%,0,0,0,0.5,14,0,276,300,92%,Efficient
610019,KERSHAW,ES,No,'PK-8,241,21,480,50%,0,0,--,--,2,2,0,0,17,47,194,390,50%,Underutilized
610022,KILMER,ES,No,'PK-8,742,48,1080,69%,0,0,--,--,8,2,0,2,36,86,656,810,81%,Efficient
610299,KING ES,ES,No,'PK-8,238,36,810,29%,0,0,--,--,1,2,0,0,33,13,225,750,30%,Underutilized
610026,KINZIE,ES,No,'PK-8,681,45.5,1050,65%,0,0,--,--,7,1,0,1.5,36,79,602,810,74%,Efficient
610027,KIPLING,ES,No,'PK-8,276,20,450,61%,0,0,--,--,0,1,0,0,19,11,265,420,63%,Underutilized
610030,KOZMINSKI,ES,No,'PK-8,244,32,720,34%,0,0,--,--,1,2,0,0,29,38,206,660,31%,Underutilized
609869,LANGFORD,ES,No,'PK-8,196,23,510,38%,0,0,--,--,0,2,0,0,21,*,187,480,39%,Underutilized
609993,LARA,ES,No,'PK-8,382,29,660,58%,0,0,--,--,2,2,0,1,24,35,347,540,64%,Underutilized
610033,LASALLE,ES,No,'K-8,508,22.5,510,100%,0,0,--,--,0,0,0,3.5,19,0,508,420,121%,Overcrowded
610520,LASALLE II,ES,No,'PK-8,574,44,990,58%,0,0,--,--,3,2,0,1,38,67,507,870,58%,Underutilized
610208,LAVIZZO,ES,No,'PK-8,370,30,690,54%,0,0,--,--,0,2,0,3,25,10,360,570,63%,Underutilized
610034,LAWNDALE,ES,No,'PK-8,207,36.5,840,25%,0,0,--,--,0,2,0,4,30.5,*,202,690,29%,Underutilized
610291,LEE,ES,No,'PK-8,721,22,480,150%,12,0,780,92%,0,2,0,0,32,15,706,720,98%,Efficient
610305,LELAND,ES,No,'PK-8,366,42,960,38%,0,0,--,--,3,3,0,0.5,35.5,44,322,810,40%,Underutilized
610298,LENART,ES,No,'PK-8,278,18,390,71%,0,0,--,--,0,2,0,0,16,30,248,360,69%,Underutilized
610036,LEWIS,ES,No,'PK-8,454,46.5,1050,43%,0,0,--,--,0,2,0,1.5,43,18,436,990,44%,Underutilized
610037,LIBBY,ES,No,'PK-8,307,28.5,630,49%,0,0,--,--,2,1,0,1,24.5,28,279,540,52%,Underutilized
610038,LINCOLN,ES,No,'K-8,919,47.5,1080,85%,0,0,--,--,0,0,0,2.5,45,0,919,1020,90%,Efficient
609834,LITTLE VILLAGE,ES,No,'PK-8,673,29.5,660,102%,4,0,750,90%,0,2,0,0.5,31,21,652,690,95%,Efficient
610040,LLOYD,ES,No,'PK-5,886,51.5,1170,76%,0,0,--,--,2,5,0,2.5,42,103,783,960,82%,Efficient
610041,LOCKE J,ES,No,'PK-8,1195,43,990,121%,8,0,1170,102%,2,5,0,2,42,99,1096,960,114%,Overcrowded
610541,LORCA,ES,No,'PK-8,688,36,810,85%,0,0,--,--,0,3,0,0,33,39,649,750,87%,Efficient
610043,LOVETT,ES,No,'PK-8,313,24,540,58%,0,0,--,--,0,3,0,5,16,17,296,360,82%,Efficient
610044,LOWELL,ES,No,'PK-8,324,50.5,1140,28%,0,0,--,--,7,3,0,1.5,39,72,252,900,28%,Underutilized
610029,LOZANO,ES,No,'PK-8,197,22,480,41%,0,0,--,--,4,3,0,1,14,72,125,300,42%,Underutilized
610046,LYON,ES,No,'PK-8,1192,55.5,1260,95%,4,0,1350,88%,0,1,0,2.5,56,*,1184,1290,92%,Efficient
610215,MADERO,ES,No,'6-8,304,24.5,540,56%,0,0,--,--,0,0,0,1.5,23,0,304,510,60%,Underutilized
610047,MADISON,ES,No,'PK-8,189,32.5,750,25%,0,0,--,--,0,1,0,0.5,31,*,180,690,26%,Underutilized
610048,MANIERRE,ES,No,'PK-8,290,39,900,32%,0,0,--,--,0,3,0,0,36,21,269,810,33%,Underutilized
610052,MANN,ES,No,'PK-8,295,41.5,930,32%,0,0,--,--,0,2,0,2.5,37,*,287,840,34%,Underutilized
610053,MARQUETTE,ES,No,'PK-8,1022,68,1560,66%,0,0,--,--,3,3,0,2,60,65,957,1380,69%,Underutilized
610054,MARSH,ES,No,'PK-8,724,42,960,75%,0,0,--,--,3,3,0,1,35,59,665,780,85%,Efficient
610056,MASON,ES,No,'PK-8,299,94,2160,14%,0,0,--,--,2,2,0,0,90,30,269,2070,13%,Underutilized
610059,MAYER,ES,No,'PK-8,685,37.5,840,82%,0,0,--,--,0,8,0,0.5,29,0,685,660,104%,Efficient
610290,MAYS,ES,No,'PK-8,308,35,780,40%,0,0,--,--,1,2,0,1,31,15,293,690,43%,Underutilized
609968,MCAULIFFE,ES,No,'PK-8,638,37,840,76%,0,0,--,--,1,4,0,0,32,57,581,720,81%,Efficient
610062,MCCLELLAN,ES,No,'PK-8,332,21.5,480,69%,0,0,--,--,3,1,0,0.5,17,42,290,390,74%,Efficient
610063,MCCORMICK,ES,No,'PK-5,531,36.5,840,63%,2,0,870,61%,3,4,0,0.5,31,64,467,690,68%,Underutilized
610269,MCCUTCHEON,ES,No,'PK-8,325,27,600,54%,0,0,--,--,6,2,0,0,19,78,247,420,59%,Underutilized
610066,MCDADE,ES,No,'K-7,181,12,270,67%,0,0,--,--,0,0,0,0,12,0,181,270,67%,Underutilized
610312,MCDOWELL,ES,No,'PK-5,147,7,150,98%,2,0,180,82%,0,1,0,0,8,14,133,180,74%,Efficient
610067,MCKAY,ES,No,'PK-8,667,50.5,1140,59%,0,0,--,--,5,4,0,2.5,39,81,586,900,65%,Underutilized
610282,MCNAIR,ES,No,'PK-8,344,42.5,960,36%,0,0,--,--,5,2,0,1.5,34,61,283,780,36%,Underutilized
610070,MCPHERSON,ES,No,'PK-8,620,47,1080,57%,0,0,--,--,7,5,0,1,34,133,487,780,62%,Underutilized
610293,MELODY,ES,No,'PK-8,326,43,990,33%,0,0,--,--,0,3,0,1,39,19,307,900,34%,Underutilized
609902,METCALFE,ES,No,'PK-8,299,42,960,31%,0,0,--,--,0,2,0,0,40,14,285,900,32%,Underutilized
610171,MIRELES,ES,No,'PK-8,420,64.5,1470,29%,2,0,1530,28%,0,2,0,1.5,63,16,404,1440,28%,Underutilized
610073,MITCHELL,ES,No,'PK-8,368,20.5,450,82%,0,0,--,--,0,1,0,0.5,19,14,354,420,84%,Efficient
610276,MOLLISON,ES,No,'PK-8,285,21.5,480,59%,0,0,--,--,0,1,0,0.5,20,10,275,450,61%,Underutilized
610074,MONROE,ES,No,'PK-8,725,45,1020,71%,0,0,--,--,1,4,0,3,37,66,659,840,79%,Efficient
610076,MOOS,ES,No,'PK-8,427,44,990,43%,0,0,--,--,0,3,0,0,41,23,404,930,43%,Underutilized
610077,MORRILL,ES,No,'PK-8,525,38.5,870,60%,0,0,--,--,0,3,0,2.5,33,*,516,750,69%,Underutilized
610257,MORTON,ES,No,'PK-8,203,33.5,750,27%,0,0,--,--,0,2,0,0.5,31,*,195,690,28%,Underutilized
610082,MOUNT GREENWOOD,ES,No,'PK-8,1235,51,1170,106%,6,0,1290,96%,2,1,0,1,53,36,1199,1200,100%,Efficient
610086,MOUNT VERNON,ES,No,'PK-8,229,28,630,36%,0,0,--,--,0,1,0,0,27,11,218,600,36%,Underutilized
610088,MOZART,ES,No,'PK-8,508,38.5,870,58%,0,0,--,--,2,3,0,3.5,30,27,481,690,70%,Efficient
610089,MURPHY,ES,No,'PK-8,546,24,540,101%,0,0,--,--,0,3,0,0,21,54,492,480,103%,Efficient
610090,MURRAY,ES,No,'K-8,483,24.5,540,89%,0,0,--,--,0,0,0,2.5,22,0,483,480,101%,Efficient
610092,NASH,ES,No,'PK-8,231,32.5,750,31%,0,0,--,--,1,2,0,0.5,29,31,200,660,30%,Underutilized
610231,NATIONAL TEACHERS,ES,No,'PK-8,771,53,1200,64%,0,0,--,--,0,3,6,0,44,38,733,990,74%,Efficient
610093,NEIL,ES,No,'PK-8,265,26,600,44%,0,0,--,--,7,1,0,1,17,81,184,390,47%,Underutilized
610094,NETTELHORST,ES,No,'PK-8,714,38,870,82%,0,0,--,--,1,3,0,1,33,24,690,750,92%,Efficient
610284,NEW FIELD,ES,No,'PK-4,573,31,690,83%,0,0,--,--,2,4,0,0,25,84,489,570,86%,Efficient
610193,NEW SULLIVAN,ES,No,'PK-8,431,40,900,48%,0,0,--,--,6,3,0,4,27,79,352,600,59%,Underutilized
610095,NEWBERRY,ES,No,'PK-8,418,29,660,63%,0,0,--,--,0,1,0,0,28,15,403,630,64%,Underutilized
609793,NICHOLSON,ES,No,'PK-8,447,41.5,930,48%,0,0,--,--,0,2,0,0.5,39,14,433,900,48%,Underutilized
610096,NIGHTINGALE,ES,No,'PK-8,1082,48.5,1110,98%,10,0,1350,80%,2,5,0,2.5,49,77,1005,1110,91%,Efficient
609961,NINOS HEROES,ES,No,'PK-8,291,29,660,44%,0,0,--,--,0,2,0,1,26,*,282,600,47%,Underutilized
610097,NIXON,ES,No,'PK-6,667,45.5,1050,64%,0,0,--,--,0,2,0,0.5,43,22,645,990,65%,Underutilized
610098,NOBEL,ES,No,'PK-8,643,31,690,93%,0,0,--,--,0,3,0,0,28,19,624,630,99%,Efficient
610354,NORTH RIVER,ES,No,'PK-8,276,0,0,--,0,17,390,71%,2,1,0,0,14,44,232,300,77%,Efficient
610099,NORWOOD PARK,ES,No,'PK-8,427,18.5,420,102%,0,0,--,--,0,1,0,1.5,16,13,414,360,115%,Overcrowded
610101,OGDEN ES,ES,No,'PK-8,946,68,1560,61%,0,0,--,--,0,1,0,3,64,15,931,1470,63%,Underutilized
610102,OGLESBY,ES,No,'PK-8,351,26,600,59%,0,0,--,--,0,2,0,1,23,12,339,510,67%,Underutilized
610103,OKEEFFE,ES,No,'PK-8,538,39,900,60%,0,0,--,--,0,3,0,0,36,25,513,810,63%,Underutilized
610104,ONAHAN,ES,No,'PK-8,677,31,690,98%,0,0,--,--,0,1,0,1,29,13,664,660,101%,Efficient
610105,ORIOLE PARK,ES,No,'PK-8,672,35,780,86%,0,0,--,--,0,2,0,0,33,26,646,750,86%,Efficient
610329,OROZCO,ES,No,'PK-8,370,32.5,750,49%,0,0,--,--,2,1,0,2.5,27,35,335,600,56%,Underutilized
609950,ORTIZ DE DOMINGUEZ,ES,No,'PK-2,415,29,660,63%,0,0,--,--,3,5,0,0,21,83,332,480,69%,Underutilized
610107,OTIS,ES,No,'PK-8,335,34.5,780,43%,0,0,--,--,8,2,0,1.5,23,86,249,510,49%,Underutilized
610108,OTOOLE,ES,No,'PK-8,309,37.5,840,37%,0,0,--,--,0,2,0,2.5,33,12,297,750,40%,Underutilized
610109,OWEN,ES,No,'PK-8,272,14.5,330,82%,0,0,--,--,0,1,0,0.5,13,13,259,300,86%,Efficient
609943,OWENS,ES,No,'PK-8,346,41.5,930,37%,0,0,--,--,3,2,0,2.5,34,43,303,780,39%,Underutilized
610111,PALMER,ES,No,'PK-8,732,42.5,960,76%,0,0,--,--,0,3,0,0.5,39,43,689,900,77%,Efficient
610115,PARK MANOR,ES,No,'PK-8,258,22,480,54%,0,0,--,--,0,1,0,0,21,14,244,480,51%,Underutilized
610112,PARKER,ES,No,'PK-8,402,71,1620,25%,0,0,--,--,1,4,0,0,66,25,377,1500,25%,Underutilized
610116,PARKSIDE,ES,No,'PK-8,250,25.5,570,44%,0,0,--,--,0,2,0,1.5,22,20,230,480,48%,Underutilized
610117,PASTEUR,ES,No,'PK-4,566,32,720,79%,8,0,900,63%,1,4,0,2,33,53,513,750,68%,Underutilized
610120,PECK,ES,No,'PK-4,818,34,780,105%,18,6,1320,62%,2,11,0,1,44,182,636,990,64%,Underutilized
610122,PEIRCE,ES,No,'PK-8,1021,46.5,1050,97%,0,0,--,--,1,7,0,2.5,36,69,952,810,118%,Overcrowded
609872,PEREZ,ES,No,'PK-8,304,44.5,1020,30%,0,0,--,--,0,2,0,1.5,41,19,285,930,31%,Underutilized
610126,PERSHING,ES,No,'PK-8,527,38,870,61%,0,0,--,--,1,3,0,1,33,34,493,750,66%,Underutilized
610127,PETERSON,ES,No,'PK-8,884,39,900,98%,0,0,--,--,1,1,0,2,35,30,854,780,110%,Efficient
610106,PICCOLO,ES,No,'PK-8,519,63.5,1440,36%,0,0,--,--,3,4,0,4.5,52,52,467,1200,39%,Underutilized
610129,PICKARD,ES,No,'PK-8,372,32,720,52%,0,0,--,--,1,2,0,3,26,15,357,600,60%,Underutilized
610013,PILSEN,ES,No,'PK-8,262,23,510,51%,0,0,--,--,0,1,0,0,22,*,256,480,53%,Underutilized
610130,PIRIE,ES,No,'PK-6,224,22,480,47%,4,0,600,37%,0,2,0,0,24,19,205,540,38%,Underutilized
610131,PLAMONDON,ES,No,'K-8,141,11.5,240,59%,0,0,--,--,0,0,1,0.5,10,0,141,210,67%,Underutilized
610132,POE,ES,No,'K-7,198,13,300,66%,0,0,--,--,0,0,0,0,13,0,198,300,66%,Underutilized
610135,PORTAGE PARK,ES,No,'PK-8,829,49,1110,75%,0,0,--,--,3,2,0,2,42,61,768,960,80%,Efficient
610281,POWELL,ES,No,'PK-8,524,36,810,65%,0,0,--,--,0,2,0,0,34,18,506,780,65%,Underutilized
610136,PRESCOTT,ES,No,'K-8,505,20,450,112%,0,0,--,--,0,0,0,0,20,0,505,450,112%,Overcrowded
610533,PRIETO,ES,No,'PK-8,866,37.5,840,103%,8,0,1050,83%,2,1,0,0.5,42,35,831,960,87%,Efficient
610229,PRITZKER,ES,No,'PK-8,723,33.5,750,96%,0,0,--,--,0,1,0,0.5,32,14,709,720,99%,Efficient
610137,PRUSSING,ES,No,'K-8,690,27.5,630,110%,10,0,840,82%,0,0,0,0.5,37,0,690,840,82%,Efficient
610138,PULASKI,ES,No,'PK-8,881,42,960,92%,0,0,--,--,0,2,0,1,39,28,853,900,95%,Efficient
610139,PULLMAN,ES,No,'PK-8,340,25,570,60%,0,0,--,--,0,1,0,0,24,10,330,540,61%,Underutilized
609941,RANDOLPH,ES,No,'PK-8,382,34,780,49%,0,0,--,--,1,2,0,0,31,34,348,690,50%,Underutilized
610141,RAVENSWOOD,ES,No,'PK-8,533,24.5,540,99%,0,0,--,--,0,2,0,0.5,22,25,508,480,106%,Efficient
610142,RAY,ES,No,'PK-8,613,38,870,71%,0,0,--,--,4,3,0,2,29,64,549,660,83%,Efficient
610143,REAVIS,ES,No,'PK-8,238,33.5,750,32%,0,0,--,--,3,3,0,0.5,27,40,198,600,33%,Underutilized
610144,REILLY,ES,No,'PK-8,681,38.5,870,78%,4,0,960,71%,1,4,0,0.5,37,35,646,840,77%,Efficient
610145,REINBERG,ES,No,'PK-8,711,31,690,103%,0,0,--,--,6,2,0,2,21,100,611,480,127%,Overcrowded
610588,RICHARDSON,ES,No,'5-8,1084,66,1500,72%,0,0,--,--,0,0,0,0,66,0,1084,1500,72%,Efficient
610256,ROBINSON,ES,No,'PK-3,112,19,420,27%,0,0,--,--,0,2,0,0,17,*,104,390,27%,Underutilized
610147,ROGERS,ES,No,'PK-8,727,42,960,76%,0,0,--,--,1,3,0,1,37,59,668,840,80%,Efficient
610152,RUGGLES,ES,No,'PK-8,360,25.5,570,63%,0,0,--,--,0,3,0,1.5,21,14,346,480,72%,Efficient
610125,RUIZ,ES,No,'PK-8,523,34.5,780,67%,6,0,930,56%,1,2,0,1.5,36,34,489,810,60%,Underutilized
610153,RYDER,ES,No,'PK-8,353,30.5,690,51%,0,0,--,--,6,3,0,0.5,21,81,272,480,57%,Underutilized
610342,SABIN,ES,No,'PK-8,445,29.5,660,67%,0,0,--,--,0,2,0,2.5,25,30,415,570,73%,Efficient
610586,SADLOWSKI,ES,No,'PK-8,621,54,1230,51%,0,0,--,--,4,2,0,0,48,66,555,1080,51%,Underutilized
610250,SALAZAR,ES,No,'PK-8,308,18,390,79%,0,0,--,--,0,1,0,1,16,14,294,360,82%,Efficient
610226,SANDOVAL,ES,No,'PK-5,842,42,960,88%,0,0,--,--,0,4,0,0,38,48,794,870,91%,Efficient
610155,SAUGANASH,ES,No,'K-8,615,25,570,108%,0,0,--,--,0,0,0,1,24,0,615,540,114%,Overcrowded
610157,SAWYER,ES,No,'PK-8,1211,63,1440,84%,6,0,1590,76%,1,2,0,3,63,19,1192,1440,83%,Efficient
610158,SAYRE,ES,No,'PK-8,437,28,630,69%,0,0,--,--,0,3,0,0,25,36,401,570,70%,Efficient
610159,SCAMMON,ES,No,'PK-8,685,33.5,750,91%,6,0,900,76%,0,3,0,1.5,35,45,640,780,82%,Efficient
610178,SCHMID,ES,No,'PK-8,172,20,450,38%,0,0,--,--,1,2,0,0,17,28,144,390,37%,Underutilized
610165,SCHUBERT,ES,No,'PK-5,574,39.5,900,64%,8,0,1080,53%,0,5,0,0.5,42,44,530,960,55%,Underutilized
610167,SEWARD,ES,No,'PK-8,563,28.5,630,89%,0,10,870,65%,1,2,0,1,34.5,21,542,780,70%,Underutilized
610081,SHERIDAN,ES,No,'K-8,550,27,600,92%,0,0,--,--,0,0,0,0,27,0,550,600,92%,Efficient
610172,SHERMAN,ES,No,'PK-8,247,28,630,39%,0,0,--,--,0,2,0,0,26,10,237,600,40%,Underutilized
610173,SHERWOOD,ES,No,'PK-8,263,22,480,55%,0,0,--,--,3,2,0,0,17,40,223,390,57%,Underutilized
610174,SHIELDS,ES,No,'PK-4,545,44,990,55%,4,0,1080,51%,2,5,0,2,39,64,481,900,53%,Underutilized
610559,SHIELDS MIDDLE,ES,No,'5-8,571,34,780,73%,0,0,--,--,0,0,0,0,34,0,571,780,73%,Efficient
610175,SHOESMITH,ES,No,'K-6,340,16,360,94%,2,0,390,87%,0,0,0,1,17,0,340,390,87%,Efficient
610176,SHOOP,ES,No,'PK-8,421,46,1050,40%,0,0,--,--,1,1,0,1,43,25,396,990,40%,Underutilized
610534,SKINNER NORTH,ES,No,'K-8,510,29,660,77%,0,0,--,--,0,0,0,0,29,0,510,660,77%,Efficient
610177,SKINNER,ES,No,'PK-8,1194,63.5,1440,83%,0,0,--,--,2,2,0,1.5,58,37,1157,1320,88%,Efficient
609978,SMITH,ES,No,'PK-8,316,29.5,660,48%,0,0,--,--,0,2,0,0.5,27,16,300,600,50%,Underutilized
610179,SMYSER,ES,No,'PK-8,827,35,780,106%,0,7.5,960,86%,1,2,0,2,37.5,33,794,840,95%,Efficient
610180,SMYTH,ES,No,'PK-8,412,47.5,1080,38%,0,0,--,--,3,3,0,0.5,41,46,366,930,39%,Underutilized
610182,SOLOMON,ES,No,'PK-8,353,18.5,420,84%,0,0,--,--,4,1,0,0.5,13,81,272,300,91%,Efficient
610589,SOR JUANA,ES,No,'PK-4,253,25.5,570,44%,0,0,--,--,0,1,0,0.5,24,15,238,540,44%,Underutilized
609990,SOUTH LOOP,ES,No,'PK-8,784,79,1800,44%,0,0,--,--,1,3,0,0,75,33,751,1710,44%,Underutilized
610530,SOUTH SHORE ES,ES,No,'PK-8,296,39,900,33%,0,0,--,--,4,2,0,0,33,53,243,750,32%,Underutilized
610183,SPENCER,ES,No,'PK-8,437,52,1200,36%,0,0,--,--,0,3,0,0,49,25,412,1110,37%,Underutilized
610184,SPRY ES,ES,No,'PK-8,369,36.5,840,44%,0,0,--,--,2,3,0,1.5,30,26,343,690,50%,Underutilized
610339,STAGG,ES,No,'PK-8,408,36,810,50%,0,0,--,--,2,2,0,0,32,33,375,720,52%,Underutilized
610548,STEM,ES,No,'K-8,407,26,600,68%,0,0,--,--,0,0,0,0,26,0,407,600,68%,Underutilized
610185,STEVENSON,ES,No,'PK-8,1131,64,1470,77%,0,0,--,--,6,6,1,1,50,125,1006,1140,88%,Efficient
610191,STONE,ES,No,'K-8,566,27.5,630,90%,0,0,--,--,0,0,0,1.5,26,0,566,600,94%,Efficient
610192,STOWE,ES,No,'PK-8,584,47.5,1080,54%,0,0,--,--,3,5,0,0.5,39,50,534,900,59%,Underutilized
610405,SUDER,ES,No,'PK-8,437,37,840,52%,0,0,--,--,0,6,0,0,31,0,437,690,63%,Underutilized
610194,SUMNER,ES,No,'PK-8,235,60,1380,17%,0,0,--,--,0,2,0,0,58,*,226,1320,17%,Underutilized
610195,SUTHERLAND,ES,No,'K-8,688,30,690,100%,0,0,--,--,0,0,0,2,28,0,688,630,109%,Efficient
610196,SWIFT,ES,No,'PK-8,594,37,840,71%,0,0,--,--,2,2,0,2,31,61,533,690,77%,Efficient
610197,TALCOTT,ES,No,'PK-8,425,44.5,1020,42%,0,0,--,--,5,3,0,0.5,36,48,377,810,47%,Underutilized
610249,TALMAN,ES,No,'PK-8,362,0,0,--,0,16.5,360,101%,0,2,0,1.5,13,42,320,300,107%,Efficient
610279,TANNER,ES,No,'PK-8,308,25,570,54%,0,0,--,--,2,2,0,0,21,30,278,480,58%,Underutilized
610396,TARKINGTON,ES,No,'PK-8,920,43,990,93%,0,0,--,--,0,1,0,2,40,11,909,900,101%,Efficient
610198,TAYLOR,ES,No,'PK-8,360,34,780,46%,0,0,--,--,1,2,0,0,31,10,350,690,51%,Underutilized
610201,THORP O,ES,No,'K-8,843,33,750,112%,0,0,--,--,3,0,0,1,29,34,809,660,123%,Overcrowded
610065,TILL,ES,No,'PK-8,309,63.5,1440,22%,0,0,--,--,2,3,0,0.5,58,37,272,1320,21%,Underutilized
610202,TILTON,ES,No,'PK-8,258,34,780,33%,0,0,--,--,0,2,0,2,30,*,249,690,36%,Underutilized
610203,TONTI,ES,No,'PK-5,845,34,780,108%,8,0,960,88%,1,4,1,1,35,77,768,780,99%,Efficient
609895,TURNER-DREW,ES,No,'K-8,212,20.5,450,47%,0,0,--,--,0,0,0,0.5,20,0,212,450,47%,Underutilized
610206,TWAIN,ES,No,'PK-8,1019,46.5,1050,97%,0,0,--,--,0,1,0,1.5,44,30,989,990,100%,Efficient
610207,VANDERPOEL,ES,No,'K-8,260,12,270,96%,0,0,--,--,0,0,0,0,12,0,260,270,96%,Efficient
610209,VOLTA,ES,No,'PK-8,724,40.5,930,78%,2,0,960,75%,0,4,0,0.5,38,39,685,870,79%,Efficient
610039,VON LINNE,ES,No,'PK-8,659,33,750,88%,0,0,--,--,0,3,0,1,29,43,616,660,93%,Efficient
610366,WACKER,ES,No,'PK-8,230,13,300,77%,0,0,--,--,0,2,0,0,11,13,217,240,90%,Efficient
610213,WADSWORTH,ES,No,'PK-8,442,33,750,59%,0,0,--,--,2,3,0,2,26,39,403,600,67%,Underutilized
610216,WALSH,ES,No,'PK-8,301,27.5,630,48%,0,0,--,--,4,2,0,2.5,19,65,236,420,56%,Underutilized
610217,WARD J,ES,No,'PK-8,568,29,660,86%,0,0,--,--,0,2,0,0,27,30,538,600,90%,Efficient
610133,WARD L,ES,No,'PK-8,336,33,750,45%,0,0,--,--,3,3,0,0,27,32,304,600,51%,Underutilized
610218,WARREN,ES,No,'PK-8,211,23,510,41%,0,0,--,--,0,1,0,1,21,11,200,480,42%,Underutilized
610219,WASHINGTON G ES,ES,No,'PK-8,680,34.5,780,87%,0,0,--,--,0,2,0,2.5,30,27,653,690,95%,Efficient
610124,WASHINGTON H ES,ES,No,'PK-8,268,27,600,45%,0,0,--,--,0,1,0,3,23,12,256,510,50%,Underutilized
610220,WATERS,ES,No,'K-8,647,36.5,840,77%,0,0,--,--,0,0,0,0.5,36,0,647,810,80%,Efficient
610221,WEBSTER,ES,No,'PK-8,246,27.5,630,39%,0,0,--,--,0,2,0,0.5,25,18,228,570,40%,Underutilized
610110,WELLS ES,ES,No,'PK-8,350,30.5,690,51%,0,0,--,--,0,3,0,0.5,27,31,319,600,53%,Underutilized
610223,WENTWORTH,ES,No,'PK-8,388,43,990,39%,0,0,--,--,4,2,0,0,37,51,337,840,40%,Underutilized
610100,WEST PARK,ES,No,'PK-8,477,37,840,57%,0,0,--,--,0,3,0,1,33,15,462,750,62%,Underutilized
610542,WEST RIDGE,ES,No,'PK-8,728,35,780,93%,0,0,--,--,3,1,0,0,31,35,693,690,100%,Efficient
610300,WESTCOTT,ES,No,'PK-8,418,28,630,66%,0,0,--,--,2,3,0,0,23,46,372,510,73%,Efficient
610225,WHISTLER,ES,No,'PK-8,314,32.5,750,42%,0,0,--,--,3,2,0,0.5,27,55,259,600,43%,Underutilized
610315,WHITE,ES,No,'PK-8,108,9,180,60%,0,0,--,--,0,1,0,0,8,*,105,180,58%,Underutilized
610227,WHITNEY,ES,No,'PK-8,728,38.5,870,84%,4,0,960,76%,0,3,0,1.5,38,29,699,870,80%,Efficient
610228,WHITTIER,ES,No,'PK-8,176,19,420,42%,0,0,--,--,0,1,0,0,18,*,168,390,43%,Underutilized
610230,WILDWOOD,ES,No,'PK-8,474,27.5,630,75%,0,0,--,--,0,2,0,0,25.5,26,448,570,79%,Efficient
609977,WOODLAWN,ES,No,'PK-6,181,15,330,55%,0,0,--,--,0,2,0,0,13,10,171,300,57%,Underutilized
610345,WOODSON,ES,No,'PK-8,303,40,900,34%,0,0,--,--,3,1,0,0,36,41,262,810,32%,Underutilized
610234,YATES,ES,No,'PK-8,322,54,1230,26%,0,0,--,--,4,2,0,1,47,39,283,1080,26%,Underutilized
610235,YOUNG ES,ES,No,'PK-8,589,66.5,1530,39%,0,0,--,--,0,3,0,1.5,62,18,571,1410,41%,Underutilized
609973,ZAPATA,ES,No,'PK-8,621,46,1050,59%,0,0,--,--,1,3,0,1,41,36,585,930,63%,Underutilized
,,,,,,,,,,,,,,,,,,,,,,
610212,ALBANY PARK,ES,ES COLO1,"'7,8",243,,,,,,,--,0,0,0,,,0,243,0,--,--
609794,EDISON,ES,ES COLO1,'K-8,250,,,,,,,--,0,0,0,,,0,250,0,--,--
COLO,ES COLO: ALBANY PARK & EDISON,ES,ES COLO1,'--,--,29.5,660,75%,0,0,--,--,0,0,0,1.5,28,0,493,630,78%,Efficient
609951,ARIEL,ES,ES COLO2,"'PK, K-8",442,,,,,,,--,2,3,0,,,41,401,0,--,--
400076,U OF C - NKO,ES,ES COLO2,'K-5,329,,,,,,,--,0,0,0,,,0,329,0,--,--
COLO,ES COLO: ARIEL & UofC - NKO,ES,ES COLO2,'--,--,47,1080,71%,0,0,--,--,2,3,0,1,41,41,730,930,79%,Efficient
609922,BELMONT-CRAGIN,ES,ES COLO3,"'PK, K-8",425,,,,,,,--,3,7,0,,,107,318,0,--,--
610051,NORTHWEST,ES,ES COLO3,'6-8,547,,,,,,,--,0,0,0,,,0,547,0,--,--
COLO,ES COLO: BELMONT CRAGIN & NORTHWEST,ES,ES COLO3,'--,--,43,990,98%,0,7.5,1140,85%,3,7,0,3.5,37,107,865,840,103%,Efficient
609991,HERZL,ES,ES COLO4,"'PK, K-8",471,,,,,,,--,3,4,0,,,76,395,0,--,--
400040,FRAZIER CHARTER (CLOSED),ES,ES COLO4,'N/A,--,,,,,,,--,0,0,0,,,0,0,0,--,--
COLO,ES COLO: HERZL & FRAZIER CHARTER,ES,ES COLO4,'--,--,58.5,1350,35%,0,0,--,--,3,4,0,0.5,51,76,395,1170,34%,Underutilized
610123,PENN,ES,ES COLO5,"'PK, K-8",235,,,,,,,--,2,2,0,,,29,206,0,--,--
400044,KIPP - ASCEND (5th-8th),ES,ES COLO5,'(5-8),369,,,,,,,--,0,0,0,,,0,369,0,--,--
COLO,ES COLO: PENN & KIPP - ASCEND 5th-8th,ES,ES COLO5,'--,--,52,1200,50%,0,0,--,--,2,2,0,0,48,29,575,1080,53%,Underutilized
610146,REVERE,ES,ES COLO6,"'PK, K-8",201,,,,,,,--,0,1,0,,,2,199,0,--,--
400052,NOBLE - COMER (6th-8th),ES,ES COLO6,'(6-8),294,,,,,,,--,0,0,0,,,0,294,0,--,--
COLO,ES COLO: REVERE & NOBLE - COMER,ES,ES COLO6,'--,--,31,690,72%,0,0,--,--,0,1,0,0,30,2,493,690,71%,Efficient
610017,SAUCEDO,ES,ES COLO7,"'PK, K-8",944,,,,,,,--,1,5,0,,,72,872,0,--,--
609921,TELPOCHCALLI,ES,ES COLO7,"'PK, K-8",234,,,,,,,--,0,1,0,,,15,219,0,--,--
COLO,ES COLO: SAUCEDO & TELPOCHCALLI,ES,ES COLO7,'--,--,80,1830,64%,0,0,--,--,1,6,0,6,67,87,1091,1530,71%,Efficient
610200,THORP J,ES,ES COLO8,"'PK, K-8",279,,,,,,,--,5,2,0,,,55,224,0,--,--
400107,LEARN - SOUTH CHICAGO,ES,ES COLO8,'K-8,438,,,,,,,--,0,0,0,,,0,438,0,--,--
COLO,ES COLO: THORP J & LEARN - SOUTH CHICAGO,ES,ES COLO8,'--,--,55.5,1260,57%,0,0,--,--,5,2,0,0.5,48,55,662,1080,61%,Underutilized
,,,,,,,,,,,,,,,,,,,,,,
610513,AIR FORCE HS,HS,No,'9-12,196,31,744,26%,0,0,--,--,0,0,0,0,31,0,196,744,26%,Underutilized
610524,ALCOTT HS,HS,No,'9-12,333,18,432,77%,0,0,--,--,0,0,0,0,18,0,333,432,77%,Efficient
609695,AMUNDSEN HS,HS,No,'9-12,1459,48,1152,127%,0,0,--,--,2,0,0,3,43,23,1436,1032,139%,Overcrowded
610518,AUSTIN CCA HS,HS,No,'9-12,235,79.5,1908,12%,0,0,--,--,0,0,0,0.5,79,0,235,1896,12%,Underutilized
610563,BACK OF THE YARDS HS,HS,No,'9-12,1076,42,1008,107%,0,0,--,--,0,0,0,0,42,0,1076,1008,107%,Efficient
609698,BOGAN HS,HS,No,'9-12,736,61.5,1476,50%,0,0,--,--,3,0,0,2.5,56,34,702,1344,52%,Underutilized
609726,BROOKS HS,HS,No,'7-12,984,41,984,100%,0,0,--,--,3,0,0,0,38,36,948,912,104%,Efficient
609760,CARVER MILITARY HS,HS,No,'9-12,442,58,1392,32%,0,0,--,--,0,0,0,3,55,0,442,1320,34%,Underutilized
609753,CHICAGO AGRICULTURE HS,HS,No,'9-12,818,41,984,83%,0,0,--,--,7,0,0,0,34,79,739,816,91%,Efficient
609754,CHICAGO MILITARY HS,HS,No,'9-12,280,23,552,51%,0,0,--,--,0,0,0,4,19,0,280,456,61%,Underutilized
609674,CHICAGO VOCATIONAL HS,HS,No,'9-12,741,111.5,2676,28%,0,0,--,--,6,0,0,4.5,101,62,679,2424,28%,Underutilized
610244,CLARK HS,HS,No,'9-12,524,51,1224,43%,0,0,--,--,2,0,9,0,40,21,503,960,52%,Underutilized
609759,CLEMENTE HS,HS,No,'9-12,684,121.5,2916,24%,0,0,--,--,1,0,0,24.5,96,12,672,2304,29%,Underutilized
610561,CRANE MEDICAL HS,HS,No,'9-12,446,80.5,1932,23%,0,0,--,--,0,0,0,8.5,72,0,446,1728,26%,Underutilized
609756,CURIE HS,HS,No,'9-12,2993,104,2496,120%,0,0,--,--,4,0,0,4,96,25,2968,2304,129%,Overcrowded
610564,DISNEY II HS,HS,No,'7-12,785,47.5,1140,69%,0,0,--,--,0,0,1,3.5,43,0,785,1032,76%,Efficient
610245,DOUGLASS HS,HS,No,'9-12,50,49.5,1188,4%,0,0,--,--,0,0,0,1.5,48,0,50,1152,4%,Underutilized
609676,DUNBAR HS,HS,No,'9-12,413,78,1872,22%,0,0,--,--,1,0,0,2,75,*,405,1800,23%,Underutilized
610587,DYETT ARTS HS,HS,No,'9-12,583,39,936,62%,0,0,--,--,0,0,16,0,23,0,583,552,106%,Efficient
610592,ENGLEWOOD STEM HS,HS,No,'9-10,680,52,1248,55%,0,0,--,--,1,0,0,0,51,10,670,1224,55%,Underutilized
609704,FARRAGUT HS,HS,No,'9-12,540,96,2304,23%,0,0,--,--,3,0,0,14,79,30,510,1896,27%,Underutilized
609705,FENGER HS,HS,No,'9-12,286,60.5,1452,20%,0,0,--,--,0,0,0,2.5,58,0,286,1392,21%,Underutilized
609708,FOREMAN HS,HS,No,'9-12,604,49.5,1188,51%,10,0,1428,42%,2,0,0,1.5,56,25,579,1344,43%,Underutilized
609709,GAGE PARK HS,HS,No,'9-12,323,46,1104,29%,0,0,--,--,0,0,0,4,42,0,323,1008,32%,Underutilized
610558,GOODE HS,HS,No,'9-12,936,44,1056,89%,0,0,--,--,1,0,0,0,43,*,929,1032,90%,Efficient
609694,HANCOCK HS,HS,No,'9-12,1019,42.5,1020,100%,0,0,--,--,0,0,0,5.5,37,0,1019,888,115%,Overcrowded
609710,HARLAN HS,HS,No,'9-12,297,55.5,1332,22%,0,0,--,--,0,0,0,3.5,52,0,297,1248,24%,Underutilized
609711,HARPER HS,HS,No,'12,21,59,1416,2%,0,0,--,--,0,0,0,3,56,0,21,1344,2%,Underutilized
609712,HIRSCH HS,HS,No,'9-12,90,44.5,1068,8%,0,0,--,--,0,0,0,1.5,43,0,90,1032,9%,Underutilized
609741,HUBBARD HS,HS,No,'9-12,1721,54.5,1308,132%,0,0,--,--,1,0,0,3.5,50,10,1711,1200,143%,Overcrowded
609713,HYDE PARK HS,HS,No,'9-12,770,85.5,2052,38%,0,0,--,--,2,0,0,1.5,82,24,746,1968,38%,Underutilized
609678,JONES HS,HS,No,'9-12,1964,77.5,1860,106%,0,0,--,--,4,0,0,2.5,71,49,1915,1704,112%,Overcrowded
609764,JUAREZ HS,HS,No,'9-12,1705,65.5,1572,109%,0,0,--,--,0,0,0,9.5,56,0,1705,1344,127%,Overcrowded
609762,JULIAN HS,HS,No,'9-12,390,68.5,1644,24%,0,0,--,--,1,0,0,6.5,61,0,390,1464,27%,Underutilized
609715,KELLY HS,HS,No,'9-12,1780,73,1752,102%,0,0,--,--,2,0,0,11,60,19,1761,1440,122%,Overcrowded
609716,KELVYN PARK HS,HS,No,'7-12,395,46.5,1116,35%,0,0,--,--,0,0,0,9.5,37,0,395,888,45%,Underutilized
609718,KENNEDY HS,HS,No,'9-12,1474,52.5,1260,117%,0,0,--,--,5,0,0,7.5,40,53,1421,960,148%,Overcrowded
609746,KENWOOD HS,HS,No,'7-12,2125,87.5,2100,101%,0,0,--,--,1,0,0,2.5,84,10,2115,2016,105%,Efficient
609751,KING HS,HS,No,'9-12,463,61.5,1476,31%,0,0,--,--,4,0,0,0.5,57,35,428,1368,31%,Underutilized
609719,LAKE VIEW HS,HS,No,'9-12,1353,64,1536,88%,0,0,--,--,2,0,0,5,57,29,1324,1368,97%,Efficient
609720,LANE TECH HS,HS,No,'7-12,4428,162.5,3900,114%,0,0,--,--,5,0,0,1.5,156,62,4366,3744,117%,Overcrowded
609738,LINCOLN PARK HS,HS,No,'9-12,2117,88.5,2124,100%,0,0,--,--,2,0,0,3.5,83,20,2097,1992,105%,Efficient
610391,LINDBLOM HS,HS,No,'7-12,1397,61.5,1476,95%,0,0,--,--,4,0,0,2.5,55,47,1350,1320,102%,Efficient
609722,MANLEY HS,HS,No,'9-12,87,62,1488,6%,0,0,--,--,0,0,0,3,59,0,87,1416,6%,Underutilized
609780,MARINE LEADERSHIP AT AMES HS,HS,No,'7-12,829,44,1056,79%,0,0,--,--,0,0,0,2,42,0,829,1008,82%,Efficient
609723,MARSHALL HS,HS,No,'9-12,228,59,1416,16%,0,0,--,--,0,0,0,0,59,0,228,1416,16%,Underutilized
609724,MATHER HS,HS,No,'9-12,1617,53.5,1284,126%,0,0,--,--,0,0,0,3.5,50,0,1617,1200,135%,Overcrowded
609725,MORGAN PARK HS,HS,No,'7-12,1079,69.5,1668,65%,0,0,--,--,2,0,0,6.5,61,26,1053,1464,72%,Efficient
609691,NORTH-GRAND HS,HS,No,'9-12,1039,48.5,1164,89%,0,0,--,--,4,0,0,1.5,43,46,993,1032,96%,Efficient
609749,NORTHSIDE PREP HS,HS,No,'9-12,1059,43,1032,103%,0,0,--,--,2,0,0,0,41,17,1042,984,106%,Efficient
610529,OGDEN HS,HS,No,'9-12,632,39,936,68%,0,0,--,--,2,0,0,0,37,11,621,888,70%,Efficient
609680,PAYTON HS,HS,No,'9-12,1216,55.5,1332,91%,0,0,--,--,3,0,0,0.5,52,25,1191,1248,95%,Efficient
609727,PHILLIPS HS,HS,No,'9-12,614,82.5,1980,31%,0,0,--,--,0,0,0,2.5,80,0,614,1920,32%,Underutilized
610304,PHOENIX MILITARY HS,HS,No,'9-12,578,46,1104,52%,0,0,--,--,0,0,0,0,46,0,578,1104,52%,Underutilized
609679,PROSSER HS,HS,No,'9-12,1214,50.5,1212,100%,0,0,--,--,3,0,0,4.5,43,27,1187,1032,115%,Overcrowded
610334,RABY HS,HS,No,'9-12,246,42.5,1020,24%,0,0,--,--,4,0,0,2.5,36,47,199,864,23%,Underutilized
609682,RICHARDS HS,HS,No,'9-12,233,35.5,852,27%,0,0,--,--,0,0,3,0.5,32,0,233,768,30%,Underutilized
610390,RICKOVER MILITARY HS,HS,No,'9-12,447,29.5,708,63%,0,0,--,--,0,0,0,0.5,29,0,447,696,64%,Underutilized
609728,ROOSEVELT HS,HS,No,'9-12,1021,62.5,1500,68%,0,0,--,--,2,0,0,2.5,58,22,999,1392,72%,Efficient
609729,SCHURZ HS,HS,No,'9-12,1518,112,2688,57%,0,0,--,--,4,0,0,3,105,51,1467,2520,58%,Underutilized
609730,SENN HS,HS,No,'9-12,1547,102,2448,63%,0,0,--,--,0,0,0,8,94,0,1547,2256,69%,Underutilized
609692,SIMEON HS,HS,No,'9-12,1420,63.5,1524,93%,0,0,--,--,4,0,0,1.5,58,46,1374,1392,99%,Efficient
610543,SOLORIO HS,HS,No,'9-12,1238,48,1152,108%,0,0,--,--,2,0,0,1,45,24,1214,1080,112%,Overcrowded
610547,SOUTH SHORE INTL HS,HS,No,'9-12,561,43,1032,54%,0,0,--,--,3,0,0,0,40,32,529,960,55%,Underutilized
610357,SPRY HS,HS,No,'9-12,97,0,0,--,0,10,240,40%,0,0,0,2,8,0,97,192,51%,Underutilized
609732,STEINMETZ HS,HS,No,'9-12,1167,67.5,1620,72%,12,0,1908,61%,0,0,18,5.5,56,0,1167,1344,87%,Efficient
609733,SULLIVAN HS,HS,No,'9-12,597,45.5,1092,55%,0,0,--,--,4,0,0,2.5,39,48,549,936,59%,Underutilized
609734,TAFT HS,HS,No,'7-12,3960,150.5,3612,110%,0,0,--,--,1,0,0,7.5,142,*,3952,3408,116%,Overcrowded
609735,TILDEN HS,HS,No,'9-12,203,84.5,2028,10%,0,0,--,--,1,0,0,6.5,77,*,194,1848,11%,Underutilized
610394,UPLIFT HS,HS,No,'9-12,106,43,1032,10%,0,0,--,--,4,0,0,1,38,42,64,912,7%,Underutilized
609737,VON STEUBEN HS,HS,No,'9-12,1674,55,1320,127%,0,0,--,--,2,0,0,4,49,24,1650,1176,140%,Overcrowded
609739,WASHINGTON HS,HS,No,'9-12,1505,54,1296,116%,4,0,1392,108%,2,0,0,3,53,24,1481,1272,116%,Overcrowded
609740,WELLS HS,HS,No,'9-12,316,58.5,1404,23%,0,0,--,--,0,0,0,5.5,53,0,316,1272,25%,Underutilized
609693,WESTINGHOUSE HS,HS,No,'9-12,1255,46,1104,114%,0,0,--,--,4,0,0,0,42,41,1214,1008,120%,Overcrowded
609755,YOUNG HS,HS,No,'7-12,2208,86.5,2076,106%,0,0,--,--,8,0,0,9.5,69,88,2120,1656,128%,Overcrowded
,,,,,,,,,,,,,,,,,,,,,,
610323,BOWEN HS,HS,HS COLO1,'9-12,218,,,,,,,--,2,0,0,,,16,202,0,--,--
400157,NOBLE - BAKER HS,HS,HS COLO1,'9-12,245,,,,,,,--,0,0,0,,,0,245,0,--,--
COLO,HS COLO: BOWEN HS & NOBLE - BAKER HS,HS,HS COLO1,'--,--,86.5,1980,23%,0,0,--,--,2,0,0,3.5,81,16,447,1860,24%,Underutilized
610381,BRONZEVILLE HS,HS,HS COLO2,'9-12,87,,,,,,,--,1,0,0,,,12,75,0,--,--
610380,WILLIAMS HS,HS,HS COLO2,'9-12,107,,,,,,,--,0,0,0,,,0,107,0,--,--
COLO,HS COLO: BRONZEVILLE HS & WILLIAMS HS,HS,HS COLO2,'--,--,101,2310,8%,0,0,--,--,1,0,0,2,98,12,182,2250,8%,Underutilized
610340,CHICAGO ACADEMY HS,HS,HS COLO3,'9-12,571,,,,,,,--,0,0,0,,,0,571,0,--,--
610248,CHICAGO ACADEMY ES,HS,HS COLO3,"'PK, K-8",561,,,,,,,--,0,3,0,,,40,521,0,--,--
COLO,HS COLO: CHICAGO ACAD ES & HS,HS,HS COLO3,'--,--,0,0,--,0,56,1290,88%,0,3,0,2,51,40,1092,1170,93%,Efficient
610499,COLLINS HS,HS,HS COLO4,'9-12,231,,,,,,,--,0,0,0,,,0,231,0,--,--
400059,NORTH LAWNDALE - COLLINS HS,HS,HS COLO4,'9-12,448,,,,,,,--,0,0,0,,,0,448,0,--,--
COLO,HS COLO: COLLINS HS & NLCP - COLLINS HS,HS,HS COLO4,'--,--,50.5,1140,60%,0,0,--,--,0,0,0,4.5,46,0,679,1050,65%,Underutilized
609761,CORLISS HS,HS,HS COLO5,'9-12,284,,,,,,,--,1,0,0,,,*,277,0,--,--
400156,NOBLE - BUTLER HS,HS,HS COLO5,'9-12,637,,,,,,,--,0,0,0,,,0,637,0,--,--
COLO,HS COLO: CORLISS & NOBLE - BUTLER HS,HS,HS COLO5,'--,--,67.5,1530,60%,0,0,--,--,1,0,0,3.5,63,*,914,1440,64%,Underutilized
609768,HOPE HS (CLOSED),HS,HS COLO6,'N/A,--,,,,,,,--,0,0,0,,,0,0,0,--,--
400163,KIPP - BLOOM,HS,HS COLO6,"'K-1, 5-8",682,,,,,,,--,0,0,0,,,0,682,0,--,--
COLO,HS COLO: HOPE HS & KIPP - BLOOM,HS,HS COLO6,'--,--,53,1200,57%,0,0,--,--,0,0,0,1,52,0,682,1200,57%,Underutilized
610384,INFINITY HS,HS,HS COLO7,'9-12,398,,,,,,,--,0,0,0,,,0,398,0,--,--
610385,MULTICULTURAL HS,HS,HS COLO7,'9-12,225,,,,,,,--,0,0,0,,,0,225,0,--,--
610383,SOCIAL JUSTICE HS,HS,HS COLO7,'9-12,335,,,,,,,--,0,0,0,,,0,335,0,--,--
610392,WORLD LANGUAGE HS,HS,HS COLO7,'9-12,345,,,,,,,--,0,0,0,,,0,345,0,--,--
COLO,HS COLO: LITTLE VILLAGE CAMPUS,HS,HS COLO7,'--,--,61,1380,94%,0,0,--,--,0,0,0,1,60,0,1303,1380,94%,Efficient
610389,ORR HS,HS,HS COLO8,'9-12,245,,,,,,,--,0,0,0,,,0,245,0,--,--
400180,KIPP - ONE,HS,HS COLO8,'K-8,973,,,,,,,--,0,0,0,,,0,973,0,--,--
COLO,HS COLO: ORR HS & KIPP - ONE,HS,HS COLO8,'--,--,83.5,1920,63%,0,0,--,--,0,0,0,4.5,79,0,1218,1800,68%,Underutilized